id_departamento,Rango etario,casos
2101.0,0 a 2,5368.0
2101.0,3 a 5,6851.0
2101.0,6 a 11,14886.0
2101.0,12 a 18,17171.0
2101.0,19 a 29,42832.0
2101.0,30 a 45,56682.0
2101.0,46 a 60,38072.0
2101.0,> 60,39139.0
,,
,,
2102.0,0 a 2,3095.0
2102.0,3 a 5,3521.0
2102.0,6 a 11,7503.0
2102.0,12 a 18,10410.0
2102.0,19 a 29,34585.0
2102.0,30 a 45,36161.0
2102.0,46 a 60,26272.0
2102.0,> 60,39062.0
,,
,,
2103.0,0 a 2,4021.0
2103.0,3 a 5,5197.0
2103.0,6 a 11,11820.0
2103.0,12 a 18,14359.0
2103.0,19 a 29,34474.0
2103.0,30 a 45,49637.0
2103.0,46 a 60,35292.0
2103.0,> 60,38737.0
,,
,,
2104.0,0 a 2,5724.0
2104.0,3 a 5,8119.0
2104.0,6 a 11,19242.0
2104.0,12 a 18,22147.0
2104.0,19 a 29,37051.0
2104.0,30 a 45,55333.0
2104.0,46 a 60,39752.0
2104.0,> 60,39656.0
,,
,,
2105.0,0 a 2,3669.0
2105.0,3 a 5,4779.0
2105.0,6 a 11,11151.0
2105.0,12 a 18,13494.0
2105.0,19 a 29,29390.0
2105.0,30 a 45,50973.0
2105.0,46 a 60,36124.0
2105.0,> 60,42869.0
,,
,,
2106.0,0 a 2,4024.0
2106.0,3 a 5,5158.0
2106.0,6 a 11,11819.0
2106.0,12 a 18,14351.0
2106.0,19 a 29,26909.0
2106.0,30 a 45,51862.0
2106.0,46 a 60,38415.0
2106.0,> 60,49226.0
,,
,,
2107.0,0 a 2,4653.0
2107.0,3 a 5,6129.0
2107.0,6 a 11,14705.0
2107.0,12 a 18,17938.0
2107.0,19 a 29,30728.0
2107.0,30 a 45,51324.0
2107.0,46 a 60,40325.0
2107.0,> 60,47460.0
,,
,,
2108.0,0 a 2,6126.0
2108.0,3 a 5,8442.0
2108.0,6 a 11,20231.0
2108.0,12 a 18,23814.0
2108.0,19 a 29,35748.0
2108.0,30 a 45,47505.0
2108.0,46 a 60,33059.0
2108.0,> 60,28963.0
,,
,,
2109.0,0 a 2,3558.0
2109.0,3 a 5,5015.0
2109.0,6 a 11,12293.0
2109.0,12 a 18,15783.0
2109.0,19 a 29,23969.0
2109.0,30 a 45,38525.0
2109.0,46 a 60,32514.0
2109.0,> 60,36251.0
,,
,,
2110.0,0 a 2,3510.0
2110.0,3 a 5,4745.0
2110.0,6 a 11,11227.0
2110.0,12 a 18,14313.0
2110.0,19 a 29,23110.0
2110.0,30 a 45,40533.0
2110.0,46 a 60,33351.0
2110.0,> 60,41107.0
,,
,,
2111.0,0 a 2,3987.0
2111.0,3 a 5,5321.0
2111.0,6 a 11,12673.0
2111.0,12 a 18,16167.0
2111.0,19 a 29,26526.0
2111.0,30 a 45,48258.0
2111.0,46 a 60,40128.0
2111.0,> 60,48845.0
,,
,,
2112.0,0 a 2,5266.0
2112.0,3 a 5,6676.0
2112.0,6 a 11,14758.0
2112.0,12 a 18,17067.0
2112.0,19 a 29,30339.0
2112.0,30 a 45,64766.0
2112.0,46 a 60,44141.0
2112.0,> 60,52351.0
,,
,,
2113.0,0 a 2,5504.0
2113.0,3 a 5,6553.0
2113.0,6 a 11,15147.0
2113.0,12 a 18,18938.0
2113.0,19 a 29,36372.0
2113.0,30 a 45,64918.0
2113.0,46 a 60,50699.0
2113.0,> 60,64199.0
,,
,,
2114.0,0 a 2,5214.0
2114.0,3 a 5,5701.0
2114.0,6 a 11,12462.0
2114.0,12 a 18,15406.0
2114.0,19 a 29,43143.0
2114.0,30 a 45,64307.0
2114.0,46 a 60,43622.0
2114.0,> 60,57397.0
,,
,,
2115.0,0 a 2,4060.0
2115.0,3 a 5,5328.0
2115.0,6 a 11,12072.0
2115.0,12 a 18,14307.0
2115.0,19 a 29,28820.0
2115.0,30 a 45,53610.0
2115.0,46 a 60,36265.0
2115.0,> 60,40803.0
,,
,,
6007.0,0 a 2,560.0
6007.0,3 a 5,732.0
6007.0,6 a 11,1463.0
6007.0,12 a 18,1671.0
6007.0,19 a 29,2363.0
6007.0,30 a 45,3776.0
6007.0,46 a 60,3324.0
6007.0,> 60,3455.0
,,
,,
6014.0,0 a 2,427.0
6014.0,3 a 5,523.0
6014.0,6 a 11,1184.0
6014.0,12 a 18,1387.0
6014.0,19 a 29,1880.0
6014.0,30 a 45,2770.0
6014.0,46 a 60,2170.0
6014.0,> 60,2506.0
,,
,,
6021.0,0 a 2,409.0
6021.0,3 a 5,495.0
6021.0,6 a 11,1166.0
6021.0,12 a 18,1410.0
6021.0,19 a 29,1619.0
6021.0,30 a 45,2795.0
6021.0,46 a 60,2125.0
6021.0,> 60,2887.0
,,
,,
6028.0,0 a 2,18574.0
6028.0,3 a 5,25188.0
6028.0,6 a 11,58015.0
6028.0,12 a 18,68125.0
6028.0,19 a 29,100354.0
6028.0,30 a 45,134756.0
6028.0,46 a 60,94675.0
6028.0,> 60,83522.0
,,
,,
6035.0,0 a 2,9616.0
6035.0,3 a 5,13168.0
6035.0,6 a 11,31635.0
6035.0,12 a 18,37923.0
6035.0,19 a 29,57825.0
6035.0,30 a 45,84756.0
6035.0,46 a 60,64199.0
6035.0,> 60,66995.0
,,
,,
6042.0,0 a 2,714.0
6042.0,3 a 5,985.0
6042.0,6 a 11,2051.0
6042.0,12 a 18,2541.0
6042.0,19 a 29,3173.0
6042.0,30 a 45,4842.0
6042.0,46 a 60,3555.0
6042.0,> 60,3896.0
,,
,,
6049.0,0 a 2,2304.0
6049.0,3 a 5,3086.0
6049.0,6 a 11,7022.0
6049.0,12 a 18,8263.0
6049.0,19 a 29,11266.0
6049.0,30 a 45,16272.0
6049.0,46 a 60,12836.0
6049.0,> 60,14103.0
,,
,,
6056.0,0 a 2,10099.0
6056.0,3 a 5,12522.0
6056.0,6 a 11,29136.0
6056.0,12 a 18,33554.0
6056.0,19 a 29,55510.0
6056.0,30 a 45,79463.0
6056.0,46 a 60,55272.0
6056.0,> 60,58949.0
,,
,,
6063.0,0 a 2,1665.0
6063.0,3 a 5,1973.0
6063.0,6 a 11,4356.0
6063.0,12 a 18,4982.0
6063.0,19 a 29,7041.0
6063.0,30 a 45,10752.0
6063.0,46 a 60,8428.0
6063.0,> 60,9319.0
,,
,,
6070.0,0 a 2,1528.0
6070.0,3 a 5,1697.0
6070.0,6 a 11,3706.0
6070.0,12 a 18,4484.0
6070.0,19 a 29,6363.0
6070.0,30 a 45,8851.0
6070.0,46 a 60,6351.0
6070.0,> 60,6243.0
,,
,,
6077.0,0 a 2,1209.0
6077.0,3 a 5,1435.0
6077.0,6 a 11,3046.0
6077.0,12 a 18,3457.0
6077.0,19 a 29,5177.0
6077.0,30 a 45,7050.0
6077.0,46 a 60,5247.0
6077.0,> 60,5456.0
,,
,,
6084.0,0 a 2,692.0
6084.0,3 a 5,916.0
6084.0,6 a 11,1912.0
6084.0,12 a 18,2380.0
6084.0,19 a 29,2962.0
6084.0,30 a 45,4429.0
6084.0,46 a 60,3733.0
6084.0,> 60,4161.0
,,
,,
6091.0,0 a 2,10963.0
6091.0,3 a 5,14843.0
6091.0,6 a 11,35310.0
6091.0,12 a 18,41619.0
6091.0,19 a 29,60272.0
6091.0,30 a 45,83327.0
6091.0,46 a 60,60377.0
6091.0,> 60,51617.0
,,
,,
6098.0,0 a 2,3377.0
6098.0,3 a 5,4327.0
6098.0,6 a 11,10089.0
6098.0,12 a 18,11412.0
6098.0,19 a 29,16999.0
6098.0,30 a 45,23227.0
6098.0,46 a 60,16521.0
6098.0,> 60,14733.0
,,
,,
6105.0,0 a 2,1240.0
6105.0,3 a 5,1590.0
6105.0,6 a 11,3296.0
6105.0,12 a 18,3767.0
6105.0,19 a 29,5181.0
6105.0,30 a 45,8019.0
6105.0,46 a 60,6209.0
6105.0,> 60,7892.0
,,
,,
6112.0,0 a 2,1476.0
6112.0,3 a 5,1884.0
6112.0,6 a 11,4108.0
6112.0,12 a 18,4902.0
6112.0,19 a 29,6432.0
6112.0,30 a 45,10044.0
6112.0,46 a 60,7876.0
6112.0,> 60,9505.0
,,
,,
6119.0,0 a 2,1113.0
6119.0,3 a 5,1475.0
6119.0,6 a 11,3406.0
6119.0,12 a 18,4101.0
6119.0,19 a 29,5100.0
6119.0,30 a 45,7244.0
6119.0,46 a 60,5276.0
6119.0,> 60,4635.0
,,
,,
6126.0,0 a 2,3492.0
6126.0,3 a 5,4628.0
6126.0,6 a 11,10711.0
6126.0,12 a 18,12722.0
6126.0,19 a 29,18160.0
6126.0,30 a 45,25200.0
6126.0,46 a 60,17725.0
6126.0,> 60,15338.0
,,
,,
6134.0,0 a 2,2650.0
6134.0,3 a 5,3575.0
6134.0,6 a 11,8115.0
6134.0,12 a 18,8920.0
6134.0,19 a 29,11542.0
6134.0,30 a 45,16919.0
6134.0,46 a 60,10612.0
6134.0,> 60,8209.0
,,
,,
6140.0,0 a 2,555.0
6140.0,3 a 5,625.0
6140.0,6 a 11,1468.0
6140.0,12 a 18,1686.0
6140.0,19 a 29,2495.0
6140.0,30 a 45,3805.0
6140.0,46 a 60,2620.0
6140.0,> 60,2628.0
,,
,,
6147.0,0 a 2,752.0
6147.0,3 a 5,979.0
6147.0,6 a 11,2127.0
6147.0,12 a 18,2474.0
6147.0,19 a 29,3438.0
6147.0,30 a 45,5011.0
6147.0,46 a 60,4039.0
6147.0,> 60,4085.0
,,
,,
6154.0,0 a 2,479.0
6154.0,3 a 5,628.0
6154.0,6 a 11,1331.0
6154.0,12 a 18,1492.0
6154.0,19 a 29,1965.0
6154.0,30 a 45,2912.0
6154.0,46 a 60,2460.0
6154.0,> 60,2740.0
,,
,,
6161.0,0 a 2,658.0
6161.0,3 a 5,785.0
6161.0,6 a 11,1627.0
6161.0,12 a 18,2009.0
6161.0,19 a 29,2727.0
6161.0,30 a 45,3951.0
6161.0,46 a 60,2751.0
6161.0,> 60,2837.0
,,
,,
6168.0,0 a 2,344.0
6168.0,3 a 5,416.0
6168.0,6 a 11,888.0
6168.0,12 a 18,1029.0
6168.0,19 a 29,1548.0
6168.0,30 a 45,2120.0
6168.0,46 a 60,1596.0
6168.0,> 60,1610.0
,,
,,
6175.0,0 a 2,902.0
6175.0,3 a 5,1112.0
6175.0,6 a 11,2418.0
6175.0,12 a 18,2994.0
6175.0,19 a 29,4370.0
6175.0,30 a 45,6104.0
6175.0,46 a 60,4530.0
6175.0,> 60,4976.0
,,
,,
6182.0,0 a 2,2021.0
6182.0,3 a 5,2684.0
6182.0,6 a 11,6284.0
6182.0,12 a 18,7493.0
6182.0,19 a 29,10660.0
6182.0,30 a 45,14640.0
6182.0,46 a 60,10912.0
6182.0,> 60,11129.0
,,
,,
6189.0,0 a 2,499.0
6189.0,3 a 5,632.0
6189.0,6 a 11,1368.0
6189.0,12 a 18,1659.0
6189.0,19 a 29,1946.0
6189.0,30 a 45,3372.0
6189.0,46 a 60,2820.0
6189.0,> 60,3499.0
,,
,,
6196.0,0 a 2,815.0
6196.0,3 a 5,1075.0
6196.0,6 a 11,2404.0
6196.0,12 a 18,2553.0
6196.0,19 a 29,3198.0
6196.0,30 a 45,5046.0
6196.0,46 a 60,4242.0
6196.0,> 60,4777.0
,,
,,
6203.0,0 a 2,1308.0
6203.0,3 a 5,1573.0
6203.0,6 a 11,3775.0
6203.0,12 a 18,4180.0
6203.0,19 a 29,5436.0
6203.0,30 a 45,9450.0
6203.0,46 a 60,7663.0
6203.0,> 60,8328.0
,,
,,
6210.0,0 a 2,1578.0
6210.0,3 a 5,1940.0
6210.0,6 a 11,4504.0
6210.0,12 a 18,5651.0
6210.0,19 a 29,7833.0
6210.0,30 a 45,11670.0
6210.0,46 a 60,9114.0
6210.0,> 60,10119.0
,,
,,
6218.0,0 a 2,1294.0
6218.0,3 a 5,1873.0
6218.0,6 a 11,4228.0
6218.0,12 a 18,4971.0
6218.0,19 a 29,6067.0
6218.0,30 a 45,10016.0
6218.0,46 a 60,6733.0
6218.0,> 60,7009.0
,,
,,
6224.0,0 a 2,2173.0
6224.0,3 a 5,2733.0
6224.0,6 a 11,6129.0
6224.0,12 a 18,7531.0
6224.0,19 a 29,10455.0
6224.0,30 a 45,15671.0
6224.0,46 a 60,12022.0
6224.0,> 60,13840.0
,,
,,
6231.0,0 a 2,605.0
6231.0,3 a 5,790.0
6231.0,6 a 11,1704.0
6231.0,12 a 18,2110.0
6231.0,19 a 29,2655.0
6231.0,30 a 45,4006.0
6231.0,46 a 60,3091.0
6231.0,> 60,3367.0
,,
,,
6238.0,0 a 2,1171.0
6238.0,3 a 5,1398.0
6238.0,6 a 11,2888.0
6238.0,12 a 18,3479.0
6238.0,19 a 29,4842.0
6238.0,30 a 45,6804.0
6238.0,46 a 60,5182.0
6238.0,> 60,5641.0
,,
,,
6245.0,0 a 2,2057.0
6245.0,3 a 5,2860.0
6245.0,6 a 11,6608.0
6245.0,12 a 18,7828.0
6245.0,19 a 29,10587.0
6245.0,30 a 45,14602.0
6245.0,46 a 60,9975.0
6245.0,> 60,9461.0
,,
,,
6252.0,0 a 2,9606.0
6252.0,3 a 5,12294.0
6252.0,6 a 11,27457.0
6252.0,12 a 18,30240.0
6252.0,19 a 29,42934.0
6252.0,30 a 45,61769.0
6252.0,46 a 60,41231.0
6252.0,> 60,30540.0
,,
,,
6260.0,0 a 2,12180.0
6260.0,3 a 5,15490.0
6260.0,6 a 11,35257.0
6260.0,12 a 18,40096.0
6260.0,19 a 29,59266.0
6260.0,30 a 45,80135.0
6260.0,46 a 60,53434.0
6260.0,> 60,42022.0
,,
,,
6266.0,0 a 2,1495.0
6266.0,3 a 5,1929.0
6266.0,6 a 11,4195.0
6266.0,12 a 18,4585.0
6266.0,19 a 29,6281.0
6266.0,30 a 45,9567.0
6266.0,46 a 60,6556.0
6266.0,> 60,5428.0
,,
,,
6270.0,0 a 2,7330.0
6270.0,3 a 5,9825.0
6270.0,6 a 11,21962.0
6270.0,12 a 18,24742.0
6270.0,19 a 29,35722.0
6270.0,30 a 45,49221.0
6270.0,46 a 60,29377.0
6270.0,> 60,20441.0
,,
,,
6274.0,0 a 2,19960.0
6274.0,3 a 5,24703.0
6274.0,6 a 11,55183.0
6274.0,12 a 18,61698.0
6274.0,19 a 29,90439.0
6274.0,30 a 45,112665.0
6274.0,46 a 60,71598.0
6274.0,> 60,51857.0
,,
,,
6277.0,0 a 2,406.0
6277.0,3 a 5,470.0
6277.0,6 a 11,1070.0
6277.0,12 a 18,1312.0
6277.0,19 a 29,1656.0
6277.0,30 a 45,2196.0
6277.0,46 a 60,1806.0
6277.0,> 60,1843.0
,,
,,
6280.0,0 a 2,1625.0
6280.0,3 a 5,1945.0
6280.0,6 a 11,4115.0
6280.0,12 a 18,4961.0
6280.0,19 a 29,6720.0
6280.0,30 a 45,9952.0
6280.0,46 a 60,7488.0
6280.0,> 60,8501.0
,,
,,
6287.0,0 a 2,329.0
6287.0,3 a 5,429.0
6287.0,6 a 11,968.0
6287.0,12 a 18,1081.0
6287.0,19 a 29,1595.0
6287.0,30 a 45,2258.0
6287.0,46 a 60,1770.0
6287.0,> 60,1720.0
,,
,,
6294.0,0 a 2,557.0
6294.0,3 a 5,655.0
6294.0,6 a 11,1331.0
6294.0,12 a 18,1608.0
6294.0,19 a 29,2255.0
6294.0,30 a 45,3554.0
6294.0,46 a 60,2773.0
6294.0,> 60,3498.0
,,
,,
6301.0,0 a 2,719.0
6301.0,3 a 5,899.0
6301.0,6 a 11,1957.0
6301.0,12 a 18,2208.0
6301.0,19 a 29,2993.0
6301.0,30 a 45,4562.0
6301.0,46 a 60,3373.0
6301.0,> 60,3963.0
,,
,,
6308.0,0 a 2,99.0
6308.0,3 a 5,137.0
6308.0,6 a 11,285.0
6308.0,12 a 18,357.0
6308.0,19 a 29,400.0
6308.0,30 a 45,706.0
6308.0,46 a 60,546.0
6308.0,> 60,627.0
,,
,,
6315.0,0 a 2,639.0
6315.0,3 a 5,909.0
6315.0,6 a 11,2191.0
6315.0,12 a 18,2821.0
6315.0,19 a 29,3470.0
6315.0,30 a 45,5035.0
6315.0,46 a 60,3669.0
6315.0,> 60,3832.0
,,
,,
6322.0,0 a 2,392.0
6322.0,3 a 5,474.0
6322.0,6 a 11,1083.0
6322.0,12 a 18,1160.0
6322.0,19 a 29,1639.0
6322.0,30 a 45,2542.0
6322.0,46 a 60,2062.0
6322.0,> 60,2183.0
,,
,,
6329.0,0 a 2,630.0
6329.0,3 a 5,836.0
6329.0,6 a 11,1773.0
6329.0,12 a 18,2104.0
6329.0,19 a 29,2935.0
6329.0,30 a 45,4103.0
6329.0,46 a 60,2836.0
6329.0,> 60,2763.0
,,
,,
6336.0,0 a 2,169.0
6336.0,3 a 5,250.0
6336.0,6 a 11,549.0
6336.0,12 a 18,580.0
6336.0,19 a 29,709.0
6336.0,30 a 45,1132.0
6336.0,46 a 60,764.0
6336.0,> 60,693.0
,,
,,
6343.0,0 a 2,456.0
6343.0,3 a 5,639.0
6343.0,6 a 11,1495.0
6343.0,12 a 18,1600.0
6343.0,19 a 29,2108.0
6343.0,30 a 45,3111.0
6343.0,46 a 60,2203.0
6343.0,> 60,2529.0
,,
,,
6351.0,0 a 2,519.0
6351.0,3 a 5,585.0
6351.0,6 a 11,1131.0
6351.0,12 a 18,1365.0
6351.0,19 a 29,1963.0
6351.0,30 a 45,2741.0
6351.0,46 a 60,2083.0
6351.0,> 60,2455.0
,,
,,
6357.0,0 a 2,18327.0
6357.0,3 a 5,23100.0
6357.0,6 a 11,53294.0
6357.0,12 a 18,67001.0
6357.0,19 a 29,102441.0
6357.0,30 a 45,148664.0
6357.0,46 a 60,117039.0
6357.0,> 60,130703.0
,,
,,
6364.0,0 a 2,6329.0
6364.0,3 a 5,7808.0
6364.0,6 a 11,18024.0
6364.0,12 a 18,18644.0
6364.0,19 a 29,23927.0
6364.0,30 a 45,35190.0
6364.0,46 a 60,19320.0
6364.0,> 60,13073.0
,,
,,
6371.0,0 a 2,12141.0
6371.0,3 a 5,15897.0
6371.0,6 a 11,38161.0
6371.0,12 a 18,46012.0
6371.0,19 a 29,70463.0
6371.0,30 a 45,104207.0
6371.0,46 a 60,77406.0
6371.0,> 60,80216.0
,,
,,
6385.0,0 a 2,799.0
6385.0,3 a 5,1002.0
6385.0,6 a 11,2208.0
6385.0,12 a 18,2369.0
6385.0,19 a 29,3250.0
6385.0,30 a 45,4958.0
6385.0,46 a 60,3658.0
6385.0,> 60,4286.0
,,
,,
6392.0,0 a 2,1287.0
6392.0,3 a 5,1510.0
6392.0,6 a 11,3412.0
6392.0,12 a 18,4022.0
6392.0,19 a 29,5250.0
6392.0,30 a 45,7663.0
6392.0,46 a 60,5762.0
6392.0,> 60,6149.0
,,
,,
6399.0,0 a 2,362.0
6399.0,3 a 5,460.0
6399.0,6 a 11,1028.0
6399.0,12 a 18,1224.0
6399.0,19 a 29,1652.0
6399.0,30 a 45,2442.0
6399.0,46 a 60,2029.0
6399.0,> 60,2465.0
,,
,,
6406.0,0 a 2,354.0
6406.0,3 a 5,435.0
6406.0,6 a 11,919.0
6406.0,12 a 18,1156.0
6406.0,19 a 29,1508.0
6406.0,30 a 45,2197.0
6406.0,46 a 60,1774.0
6406.0,> 60,2238.0
,,
,,
6408.0,0 a 2,4945.0
6408.0,3 a 5,6675.0
6408.0,6 a 11,16075.0
6408.0,12 a 18,19542.0
6408.0,19 a 29,29776.0
6408.0,30 a 45,42600.0
6408.0,46 a 60,32073.0
6408.0,> 60,33675.0
,,
,,
6410.0,0 a 2,4475.0
6410.0,3 a 5,6232.0
6410.0,6 a 11,15026.0
6410.0,12 a 18,18670.0
6410.0,19 a 29,26451.0
6410.0,30 a 45,40707.0
6410.0,46 a 60,33670.0
6410.0,> 60,32752.0
,,
,,
6412.0,0 a 2,13198.0
6412.0,3 a 5,16399.0
6412.0,6 a 11,36232.0
6412.0,12 a 18,40098.0
6412.0,19 a 29,58419.0
6412.0,30 a 45,77660.0
6412.0,46 a 60,46529.0
6412.0,> 60,37992.0
,,
,,
6413.0,0 a 2,3416.0
6413.0,3 a 5,4127.0
6413.0,6 a 11,8925.0
6413.0,12 a 18,10236.0
6413.0,19 a 29,14852.0
6413.0,30 a 45,23418.0
6413.0,46 a 60,16583.0
6413.0,> 60,19407.0
,,
,,
6420.0,0 a 2,3210.0
6420.0,3 a 5,4245.0
6420.0,6 a 11,9744.0
6420.0,12 a 18,11692.0
6420.0,19 a 29,14577.0
6420.0,30 a 45,21442.0
6420.0,46 a 60,17020.0
6420.0,> 60,18470.0
,,
,,
6427.0,0 a 2,69872.0
6427.0,3 a 5,87162.0
6427.0,6 a 11,193043.0
6427.0,12 a 18,214041.0
6427.0,19 a 29,313794.0
6427.0,30 a 45,437715.0
6427.0,46 a 60,283768.0
6427.0,> 60,237773.0
,,
,,
6434.0,0 a 2,12105.0
6434.0,3 a 5,16028.0
6434.0,6 a 11,37841.0
6434.0,12 a 18,46520.0
6434.0,19 a 29,69875.0
6434.0,30 a 45,106601.0
6434.0,46 a 60,82336.0
6434.0,> 60,88775.0
,,
,,
6441.0,0 a 2,22815.0
6441.0,3 a 5,29260.0
6441.0,6 a 11,66893.0
6441.0,12 a 18,78431.0
6441.0,19 a 29,138513.0
6441.0,30 a 45,179839.0
6441.0,46 a 60,124174.0
6441.0,> 60,116149.0
,,
,,
6448.0,0 a 2,369.0
6448.0,3 a 5,532.0
6448.0,6 a 11,1175.0
6448.0,12 a 18,1343.0
6448.0,19 a 29,1732.0
6448.0,30 a 45,2493.0
6448.0,46 a 60,1887.0
6448.0,> 60,1965.0
,,
,,
6455.0,0 a 2,881.0
6455.0,3 a 5,1101.0
6455.0,6 a 11,2355.0
6455.0,12 a 18,2959.0
6455.0,19 a 29,3931.0
6455.0,30 a 45,5771.0
6455.0,46 a 60,4627.0
6455.0,> 60,5511.0
,,
,,
6462.0,0 a 2,622.0
6462.0,3 a 5,739.0
6462.0,6 a 11,1585.0
6462.0,12 a 18,1953.0
6462.0,19 a 29,2586.0
6462.0,30 a 45,3663.0
6462.0,46 a 60,2737.0
6462.0,> 60,3268.0
,,
,,
6466.0,0 a 2,188.0
6466.0,3 a 5,255.0
6466.0,6 a 11,546.0
6466.0,12 a 18,663.0
6466.0,19 a 29,958.0
6466.0,30 a 45,1393.0
6466.0,46 a 60,1039.0
6466.0,> 60,1128.0
,,
,,
6469.0,0 a 2,1637.0
6469.0,3 a 5,1843.0
6469.0,6 a 11,4008.0
6469.0,12 a 18,4746.0
6469.0,19 a 29,6380.0
6469.0,30 a 45,9917.0
6469.0,46 a 60,7738.0
6469.0,> 60,8922.0
,,
,,
6476.0,0 a 2,603.0
6476.0,3 a 5,699.0
6476.0,6 a 11,1606.0
6476.0,12 a 18,1897.0
6476.0,19 a 29,2663.0
6476.0,30 a 45,3913.0
6476.0,46 a 60,3197.0
6476.0,> 60,3528.0
,,
,,
6483.0,0 a 2,1441.0
6483.0,3 a 5,1853.0
6483.0,6 a 11,3961.0
6483.0,12 a 18,4742.0
6483.0,19 a 29,6187.0
6483.0,30 a 45,9122.0
6483.0,46 a 60,6705.0
6483.0,> 60,7407.0
,,
,,
6490.0,0 a 2,22019.0
6490.0,3 a 5,28806.0
6490.0,6 a 11,65571.0
6490.0,12 a 18,76653.0
6490.0,19 a 29,111080.0
6490.0,30 a 45,161707.0
6490.0,46 a 60,112117.0
6490.0,> 60,107691.0
,,
,,
6497.0,0 a 2,3651.0
6497.0,3 a 5,4701.0
6497.0,6 a 11,10571.0
6497.0,12 a 18,12158.0
6497.0,19 a 29,17513.0
6497.0,30 a 45,25901.0
6497.0,46 a 60,18724.0
6497.0,> 60,16892.0
,,
,,
6505.0,0 a 2,893.0
6505.0,3 a 5,1042.0
6505.0,6 a 11,2352.0
6505.0,12 a 18,2676.0
6505.0,19 a 29,3771.0
6505.0,30 a 45,5191.0
6505.0,46 a 60,3393.0
6505.0,> 60,3335.0
,,
,,
6511.0,0 a 2,358.0
6511.0,3 a 5,503.0
6511.0,6 a 11,1058.0
6511.0,12 a 18,1171.0
6511.0,19 a 29,1601.0
6511.0,30 a 45,2539.0
6511.0,46 a 60,1863.0
6511.0,> 60,2160.0
,,
,,
6515.0,0 a 2,11378.0
6515.0,3 a 5,14565.0
6515.0,6 a 11,34313.0
6515.0,12 a 18,40965.0
6515.0,19 a 29,61584.0
6515.0,30 a 45,81575.0
6515.0,46 a 60,56862.0
6515.0,> 60,48159.0
,,
,,
6518.0,0 a 2,1096.0
6518.0,3 a 5,1423.0
6518.0,6 a 11,3085.0
6518.0,12 a 18,3581.0
6518.0,19 a 29,4399.0
6518.0,30 a 45,7883.0
6518.0,46 a 60,5675.0
6518.0,> 60,5831.0
,,
,,
6525.0,0 a 2,2513.0
6525.0,3 a 5,3460.0
6525.0,6 a 11,7274.0
6525.0,12 a 18,8351.0
6525.0,19 a 29,11375.0
6525.0,30 a 45,15145.0
6525.0,46 a 60,9435.0
6525.0,> 60,7208.0
,,
,,
6532.0,0 a 2,2373.0
6532.0,3 a 5,3084.0
6532.0,6 a 11,6743.0
6532.0,12 a 18,7892.0
6532.0,19 a 29,11279.0
6532.0,30 a 45,16203.0
6532.0,46 a 60,11298.0
6532.0,> 60,12130.0
,,
,,
6539.0,0 a 2,20902.0
6539.0,3 a 5,27105.0
6539.0,6 a 11,61148.0
6539.0,12 a 18,70111.0
6539.0,19 a 29,100973.0
6539.0,30 a 45,135434.0
6539.0,46 a 60,89161.0
6539.0,> 60,76650.0
,,
,,
6547.0,0 a 2,824.0
6547.0,3 a 5,1098.0
6547.0,6 a 11,2558.0
6547.0,12 a 18,2853.0
6547.0,19 a 29,3624.0
6547.0,30 a 45,5759.0
6547.0,46 a 60,3964.0
6547.0,> 60,3936.0
,,
,,
6553.0,0 a 2,279.0
6553.0,3 a 5,317.0
6553.0,6 a 11,810.0
6553.0,12 a 18,914.0
6553.0,19 a 29,1180.0
6553.0,30 a 45,1970.0
6553.0,46 a 60,1460.0
6553.0,> 60,1514.0
,,
,,
6560.0,0 a 2,22270.0
6560.0,3 a 5,28521.0
6560.0,6 a 11,65328.0
6560.0,12 a 18,71388.0
6560.0,19 a 29,102486.0
6560.0,30 a 45,138296.0
6560.0,46 a 60,84430.0
6560.0,> 60,63039.0
,,
,,
6568.0,0 a 2,7698.0
6568.0,3 a 5,10346.0
6568.0,6 a 11,24608.0
6568.0,12 a 18,30756.0
6568.0,19 a 29,48700.0
6568.0,30 a 45,77241.0
6568.0,46 a 60,60086.0
6568.0,> 60,70082.0
,,
,,
6574.0,0 a 2,673.0
6574.0,3 a 5,828.0
6574.0,6 a 11,1995.0
6574.0,12 a 18,2428.0
6574.0,19 a 29,3168.0
6574.0,30 a 45,4439.0
6574.0,46 a 60,3095.0
6574.0,> 60,3262.0
,,
,,
6581.0,0 a 2,3009.0
6581.0,3 a 5,3905.0
6581.0,6 a 11,9031.0
6581.0,12 a 18,10861.0
6581.0,19 a 29,14243.0
6581.0,30 a 45,22320.0
6581.0,46 a 60,17993.0
6581.0,> 60,20121.0
,,
,,
6588.0,0 a 2,1701.0
6588.0,3 a 5,2262.0
6588.0,6 a 11,4895.0
6588.0,12 a 18,5934.0
6588.0,19 a 29,7399.0
6588.0,30 a 45,11240.0
6588.0,46 a 60,8949.0
6588.0,> 60,9986.0
,,
,,
6595.0,0 a 2,3714.0
6595.0,3 a 5,4840.0
6595.0,6 a 11,11123.0
6595.0,12 a 18,13458.0
6595.0,19 a 29,19236.0
6595.0,30 a 45,26668.0
6595.0,46 a 60,20907.0
6595.0,> 60,22065.0
,,
,,
6602.0,0 a 2,1227.0
6602.0,3 a 5,1630.0
6602.0,6 a 11,3677.0
6602.0,12 a 18,3920.0
6602.0,19 a 29,5751.0
6602.0,30 a 45,8860.0
6602.0,46 a 60,6371.0
6602.0,> 60,6063.0
,,
,,
6609.0,0 a 2,1588.0
6609.0,3 a 5,1886.0
6609.0,6 a 11,4099.0
6609.0,12 a 18,5012.0
6609.0,19 a 29,6383.0
6609.0,30 a 45,9234.0
6609.0,46 a 60,7763.0
6609.0,> 60,8629.0
,,
,,
6616.0,0 a 2,289.0
6616.0,3 a 5,373.0
6616.0,6 a 11,719.0
6616.0,12 a 18,722.0
6616.0,19 a 29,994.0
6616.0,30 a 45,1510.0
6616.0,46 a 60,1198.0
6616.0,> 60,1307.0
,,
,,
6623.0,0 a 2,3856.0
6623.0,3 a 5,4820.0
6623.0,6 a 11,10471.0
6623.0,12 a 18,12182.0
6623.0,19 a 29,16760.0
6623.0,30 a 45,26145.0
6623.0,46 a 60,19393.0
6623.0,> 60,21361.0
,,
,,
6630.0,0 a 2,160.0
6630.0,3 a 5,248.0
6630.0,6 a 11,511.0
6630.0,12 a 18,522.0
6630.0,19 a 29,729.0
6630.0,30 a 45,1085.0
6630.0,46 a 60,695.0
6630.0,> 60,665.0
,,
,,
6638.0,0 a 2,15629.0
6638.0,3 a 5,18864.0
6638.0,6 a 11,42505.0
6638.0,12 a 18,48967.0
6638.0,19 a 29,70567.0
6638.0,30 a 45,92553.0
6638.0,46 a 60,63275.0
6638.0,> 60,41254.0
,,
,,
6644.0,0 a 2,1324.0
6644.0,3 a 5,1719.0
6644.0,6 a 11,3865.0
6644.0,12 a 18,4633.0
6644.0,19 a 29,6322.0
6644.0,30 a 45,9683.0
6644.0,46 a 60,6419.0
6644.0,> 60,5259.0
,,
,,
6648.0,0 a 2,4607.0
6648.0,3 a 5,5563.0
6648.0,6 a 11,12302.0
6648.0,12 a 18,13904.0
6648.0,19 a 29,18229.0
6648.0,30 a 45,24223.0
6648.0,46 a 60,13903.0
6648.0,> 60,9263.0
,,
,,
6651.0,0 a 2,457.0
6651.0,3 a 5,541.0
6651.0,6 a 11,1236.0
6651.0,12 a 18,1455.0
6651.0,19 a 29,2007.0
6651.0,30 a 45,3474.0
6651.0,46 a 60,3165.0
6651.0,> 60,4056.0
,,
,,
6655.0,0 a 2,401.0
6655.0,3 a 5,535.0
6655.0,6 a 11,1193.0
6655.0,12 a 18,1238.0
6655.0,19 a 29,1831.0
6655.0,30 a 45,2629.0
6655.0,46 a 60,1986.0
6655.0,> 60,2348.0
,,
,,
6658.0,0 a 2,20378.0
6658.0,3 a 5,26975.0
6658.0,6 a 11,60261.0
6658.0,12 a 18,70705.0
6658.0,19 a 29,104059.0
6658.0,30 a 45,145504.0
6658.0,46 a 60,104293.0
6658.0,> 60,99599.0
,,
,,
6665.0,0 a 2,1522.0
6665.0,3 a 5,1929.0
6665.0,6 a 11,4031.0
6665.0,12 a 18,4764.0
6665.0,19 a 29,6452.0
6665.0,30 a 45,9034.0
6665.0,46 a 60,6145.0
6665.0,> 60,5771.0
,,
,,
6672.0,0 a 2,528.0
6672.0,3 a 5,669.0
6672.0,6 a 11,1501.0
6672.0,12 a 18,1779.0
6672.0,19 a 29,2400.0
6672.0,30 a 45,3504.0
6672.0,46 a 60,2787.0
6672.0,> 60,3323.0
,,
,,
6679.0,0 a 2,792.0
6679.0,3 a 5,942.0
6679.0,6 a 11,2000.0
6679.0,12 a 18,2190.0
6679.0,19 a 29,3060.0
6679.0,30 a 45,4294.0
6679.0,46 a 60,3238.0
6679.0,> 60,3219.0
,,
,,
6686.0,0 a 2,824.0
6686.0,3 a 5,1027.0
6686.0,6 a 11,2284.0
6686.0,12 a 18,2802.0
6686.0,19 a 29,3678.0
6686.0,30 a 45,5679.0
6686.0,46 a 60,4337.0
6686.0,> 60,4988.0
,,
,,
6693.0,0 a 2,489.0
6693.0,3 a 5,615.0
6693.0,6 a 11,1342.0
6693.0,12 a 18,1546.0
6693.0,19 a 29,2181.0
6693.0,30 a 45,3192.0
6693.0,46 a 60,2184.0
6693.0,> 60,2352.0
,,
,,
6700.0,0 a 2,651.0
6700.0,3 a 5,785.0
6700.0,6 a 11,1822.0
6700.0,12 a 18,2086.0
6700.0,19 a 29,2891.0
6700.0,30 a 45,4882.0
6700.0,46 a 60,3913.0
6700.0,> 60,4377.0
,,
,,
6707.0,0 a 2,1240.0
6707.0,3 a 5,1476.0
6707.0,6 a 11,3213.0
6707.0,12 a 18,3911.0
6707.0,19 a 29,5050.0
6707.0,30 a 45,7751.0
6707.0,46 a 60,5798.0
6707.0,> 60,6984.0
,,
,,
6714.0,0 a 2,1447.0
6714.0,3 a 5,1728.0
6714.0,6 a 11,3725.0
6714.0,12 a 18,4474.0
6714.0,19 a 29,6223.0
6714.0,30 a 45,8640.0
6714.0,46 a 60,6355.0
6714.0,> 60,6665.0
,,
,,
6721.0,0 a 2,287.0
6721.0,3 a 5,366.0
6721.0,6 a 11,818.0
6721.0,12 a 18,991.0
6721.0,19 a 29,1237.0
6721.0,30 a 45,2126.0
6721.0,46 a 60,1664.0
6721.0,> 60,1855.0
,,
,,
6728.0,0 a 2,915.0
6728.0,3 a 5,1236.0
6728.0,6 a 11,2599.0
6728.0,12 a 18,3015.0
6728.0,19 a 29,4375.0
6728.0,30 a 45,6115.0
6728.0,46 a 60,4153.0
6728.0,> 60,3991.0
,,
,,
6735.0,0 a 2,952.0
6735.0,3 a 5,1168.0
6735.0,6 a 11,2443.0
6735.0,12 a 18,2999.0
6735.0,19 a 29,4084.0
6735.0,30 a 45,6140.0
6735.0,46 a 60,4445.0
6735.0,> 60,4464.0
,,
,,
6742.0,0 a 2,301.0
6742.0,3 a 5,314.0
6742.0,6 a 11,731.0
6742.0,12 a 18,881.0
6742.0,19 a 29,1277.0
6742.0,30 a 45,1946.0
6742.0,46 a 60,1598.0
6742.0,> 60,1870.0
,,
,,
6749.0,0 a 2,4904.0
6749.0,3 a 5,6594.0
6749.0,6 a 11,15307.0
6749.0,12 a 18,18054.0
6749.0,19 a 29,28264.0
6749.0,30 a 45,40118.0
6749.0,46 a 60,29188.0
6749.0,> 60,28670.0
,,
,,
6756.0,0 a 2,7569.0
6756.0,3 a 5,9488.0
6756.0,6 a 11,22338.0
6756.0,12 a 18,29037.0
6756.0,19 a 29,42435.0
6756.0,30 a 45,62919.0
6756.0,46 a 60,56045.0
6756.0,> 60,66147.0
,,
,,
6760.0,0 a 2,10773.0
6760.0,3 a 5,13979.0
6760.0,6 a 11,31904.0
6760.0,12 a 18,35784.0
6760.0,19 a 29,58128.0
6760.0,30 a 45,78116.0
6760.0,46 a 60,51968.0
6760.0,> 60,46998.0
,,
,,
6763.0,0 a 2,5789.0
6763.0,3 a 5,6938.0
6763.0,6 a 11,15253.0
6763.0,12 a 18,17817.0
6763.0,19 a 29,25773.0
6763.0,30 a 45,38127.0
6763.0,46 a 60,28191.0
6763.0,> 60,28769.0
,,
,,
6770.0,0 a 2,2616.0
6770.0,3 a 5,3165.0
6770.0,6 a 11,7116.0
6770.0,12 a 18,8280.0
6770.0,19 a 29,11244.0
6770.0,30 a 45,15272.0
6770.0,46 a 60,10473.0
6770.0,> 60,10187.0
,,
,,
6778.0,0 a 2,4354.0
6778.0,3 a 5,5505.0
6778.0,6 a 11,12095.0
6778.0,12 a 18,12889.0
6778.0,19 a 29,16418.0
6778.0,30 a 45,23193.0
6778.0,46 a 60,13804.0
6778.0,> 60,9671.0
,,
,,
6784.0,0 a 2,446.0
6784.0,3 a 5,535.0
6784.0,6 a 11,1157.0
6784.0,12 a 18,1428.0
6784.0,19 a 29,1783.0
6784.0,30 a 45,2636.0
6784.0,46 a 60,1810.0
6784.0,> 60,1941.0
,,
,,
6791.0,0 a 2,4268.0
6791.0,3 a 5,5517.0
6791.0,6 a 11,12620.0
6791.0,12 a 18,14987.0
6791.0,19 a 29,23090.0
6791.0,30 a 45,34245.0
6791.0,46 a 60,24686.0
6791.0,> 60,25265.0
,,
,,
6798.0,0 a 2,387.0
6798.0,3 a 5,486.0
6798.0,6 a 11,971.0
6798.0,12 a 18,1213.0
6798.0,19 a 29,1647.0
6798.0,30 a 45,2199.0
6798.0,46 a 60,1825.0
6798.0,> 60,1967.0
,,
,,
6805.0,0 a 2,14157.0
6805.0,3 a 5,18454.0
6805.0,6 a 11,44078.0
6805.0,12 a 18,53284.0
6805.0,19 a 29,73339.0
6805.0,30 a 45,103093.0
6805.0,46 a 60,79471.0
6805.0,> 60,60415.0
,,
,,
6812.0,0 a 2,108.0
6812.0,3 a 5,136.0
6812.0,6 a 11,259.0
6812.0,12 a 18,270.0
6812.0,19 a 29,453.0
6812.0,30 a 45,566.0
6812.0,46 a 60,405.0
6812.0,> 60,331.0
,,
,,
6819.0,0 a 2,427.0
6819.0,3 a 5,570.0
6819.0,6 a 11,1351.0
6819.0,12 a 18,1436.0
6819.0,19 a 29,1825.0
6819.0,30 a 45,3297.0
6819.0,46 a 60,2697.0
6819.0,> 60,2988.0
,,
,,
6826.0,0 a 2,1845.0
6826.0,3 a 5,2171.0
6826.0,6 a 11,4578.0
6826.0,12 a 18,5190.0
6826.0,19 a 29,7229.0
6826.0,30 a 45,11384.0
6826.0,46 a 60,8360.0
6826.0,> 60,8371.0
,,
,,
6833.0,0 a 2,1828.0
6833.0,3 a 5,2432.0
6833.0,6 a 11,5501.0
6833.0,12 a 18,6283.0
6833.0,19 a 29,8334.0
6833.0,30 a 45,13836.0
6833.0,46 a 60,11058.0
6833.0,> 60,12617.0
,,
,,
6840.0,0 a 2,8886.0
6840.0,3 a 5,12280.0
6840.0,6 a 11,28750.0
6840.0,12 a 18,35036.0
6840.0,19 a 29,55691.0
6840.0,30 a 45,85660.0
6840.0,46 a 60,64623.0
6840.0,> 60,71393.0
,,
,,
6847.0,0 a 2,302.0
6847.0,3 a 5,380.0
6847.0,6 a 11,834.0
6847.0,12 a 18,986.0
6847.0,19 a 29,1344.0
6847.0,30 a 45,1970.0
6847.0,46 a 60,1495.0
6847.0,> 60,1779.0
,,
,,
6854.0,0 a 2,1208.0
6854.0,3 a 5,1498.0
6854.0,6 a 11,3189.0
6854.0,12 a 18,3782.0
6854.0,19 a 29,5174.0
6854.0,30 a 45,7553.0
6854.0,46 a 60,6006.0
6854.0,> 60,7001.0
,,
,,
6861.0,0 a 2,6545.0
6861.0,3 a 5,8348.0
6861.0,6 a 11,19249.0
6861.0,12 a 18,24673.0
6861.0,19 a 29,36122.0
6861.0,30 a 45,63646.0
6861.0,46 a 60,55543.0
6861.0,> 60,66415.0
,,
,,
6868.0,0 a 2,1107.0
6868.0,3 a 5,1476.0
6868.0,6 a 11,3608.0
6868.0,12 a 18,4460.0
6868.0,19 a 29,5462.0
6868.0,30 a 45,8663.0
6868.0,46 a 60,6525.0
6868.0,> 60,6024.0
,,
,,
6875.0,0 a 2,1171.0
6875.0,3 a 5,1415.0
6875.0,6 a 11,3167.0
6875.0,12 a 18,3798.0
6875.0,19 a 29,5592.0
6875.0,30 a 45,7474.0
6875.0,46 a 60,5172.0
6875.0,> 60,4763.0
,,
,,
6882.0,0 a 2,4430.0
6882.0,3 a 5,5546.0
6882.0,6 a 11,13121.0
6882.0,12 a 18,15610.0
6882.0,19 a 29,22713.0
6882.0,30 a 45,30905.0
6882.0,46 a 60,20665.0
6882.0,> 60,18425.0
,,
,,
10007.0,0 a 2,156.0
10007.0,3 a 5,218.0
10007.0,6 a 11,365.0
10007.0,12 a 18,475.0
10007.0,19 a 29,922.0
10007.0,30 a 45,1125.0
10007.0,46 a 60,843.0
10007.0,> 60,983.0
,,
,,
10014.0,0 a 2,106.0
10014.0,3 a 5,137.0
10014.0,6 a 11,286.0
10014.0,12 a 18,370.0
10014.0,19 a 29,548.0
10014.0,30 a 45,713.0
10014.0,46 a 60,556.0
10014.0,> 60,566.0
,,
,,
10021.0,0 a 2,665.0
10021.0,3 a 5,870.0
10021.0,6 a 11,1720.0
10021.0,12 a 18,2368.0
10021.0,19 a 29,3513.0
10021.0,30 a 45,4481.0
10021.0,46 a 60,3093.0
10021.0,> 60,2835.0
,,
,,
10028.0,0 a 2,68.0
10028.0,3 a 5,74.0
10028.0,6 a 11,203.0
10028.0,12 a 18,212.0
10028.0,19 a 29,398.0
10028.0,30 a 45,420.0
10028.0,46 a 60,220.0
10028.0,> 60,227.0
,,
,,
10035.0,0 a 2,1048.0
10035.0,3 a 5,1434.0
10035.0,6 a 11,2993.0
10035.0,12 a 18,3870.0
10035.0,19 a 29,5613.0
10035.0,30 a 45,6996.0
10035.0,46 a 60,4513.0
10035.0,> 60,3886.0
,,
,,
10042.0,0 a 2,799.0
10042.0,3 a 5,898.0
10042.0,6 a 11,1892.0
10042.0,12 a 18,2395.0
10042.0,19 a 29,3829.0
10042.0,30 a 45,4537.0
10042.0,46 a 60,2731.0
10042.0,> 60,2390.0
,,
,,
10049.0,0 a 2,6195.0
10049.0,3 a 5,8055.0
10049.0,6 a 11,17212.0
10049.0,12 a 18,20464.0
10049.0,19 a 29,35469.0
10049.0,30 a 45,45852.0
10049.0,46 a 60,28954.0
10049.0,> 60,24265.0
,,
,,
10056.0,0 a 2,190.0
10056.0,3 a 5,204.0
10056.0,6 a 11,448.0
10056.0,12 a 18,554.0
10056.0,19 a 29,721.0
10056.0,30 a 45,952.0
10056.0,46 a 60,653.0
10056.0,> 60,653.0
,,
,,
10063.0,0 a 2,553.0
10063.0,3 a 5,654.0
10063.0,6 a 11,1424.0
10063.0,12 a 18,1624.0
10063.0,19 a 29,2733.0
10063.0,30 a 45,3469.0
10063.0,46 a 60,2322.0
10063.0,> 60,1845.0
,,
,,
10070.0,0 a 2,1091.0
10070.0,3 a 5,1261.0
10070.0,6 a 11,2725.0
10070.0,12 a 18,3265.0
10070.0,19 a 29,4971.0
10070.0,30 a 45,5876.0
10070.0,46 a 60,4006.0
10070.0,> 60,3146.0
,,
,,
10077.0,0 a 2,145.0
10077.0,3 a 5,172.0
10077.0,6 a 11,429.0
10077.0,12 a 18,533.0
10077.0,19 a 29,833.0
10077.0,30 a 45,1048.0
10077.0,46 a 60,770.0
10077.0,> 60,766.0
,,
,,
10084.0,0 a 2,434.0
10084.0,3 a 5,554.0
10084.0,6 a 11,1243.0
10084.0,12 a 18,1558.0
10084.0,19 a 29,2234.0
10084.0,30 a 45,2721.0
10084.0,46 a 60,1853.0
10084.0,> 60,1622.0
,,
,,
10091.0,0 a 2,941.0
10091.0,3 a 5,1238.0
10091.0,6 a 11,2579.0
10091.0,12 a 18,3038.0
10091.0,19 a 29,4962.0
10091.0,30 a 45,5953.0
10091.0,46 a 60,4135.0
10091.0,> 60,3976.0
,,
,,
10098.0,0 a 2,529.0
10098.0,3 a 5,625.0
10098.0,6 a 11,1288.0
10098.0,12 a 18,1549.0
10098.0,19 a 29,2547.0
10098.0,30 a 45,3041.0
10098.0,46 a 60,1943.0
10098.0,> 60,1795.0
,,
,,
10105.0,0 a 2,890.0
10105.0,3 a 5,1134.0
10105.0,6 a 11,2400.0
10105.0,12 a 18,3068.0
10105.0,19 a 29,4765.0
10105.0,30 a 45,5355.0
10105.0,46 a 60,3908.0
10105.0,> 60,3734.0
,,
,,
10112.0,0 a 2,1147.0
10112.0,3 a 5,1520.0
10112.0,6 a 11,3303.0
10112.0,12 a 18,3905.0
10112.0,19 a 29,6249.0
10112.0,30 a 45,8452.0
10112.0,46 a 60,5477.0
10112.0,> 60,3898.0
,,
,,
14007.0,0 a 2,2573.0
14007.0,3 a 5,3329.0
14007.0,6 a 11,7284.0
14007.0,12 a 18,8294.0
14007.0,19 a 29,11174.0
14007.0,30 a 45,17492.0
14007.0,46 a 60,12541.0
14007.0,> 60,12775.0
,,
,,
14014.0,0 a 2,47657.0
14014.0,3 a 5,58120.0
14014.0,6 a 11,127379.0
14014.0,12 a 18,154598.0
14014.0,19 a 29,294399.0
14014.0,30 a 45,353307.0
14014.0,46 a 60,234435.0
14014.0,> 60,228165.0
,,
,,
14021.0,0 a 2,10637.0
14021.0,3 a 5,13616.0
14021.0,6 a 11,29932.0
14021.0,12 a 18,34500.0
14021.0,19 a 29,48938.0
14021.0,30 a 45,69816.0
14021.0,46 a 60,49242.0
14021.0,> 60,37830.0
,,
,,
14028.0,0 a 2,2526.0
14028.0,3 a 5,3124.0
14028.0,6 a 11,6501.0
14028.0,12 a 18,7447.0
14028.0,19 a 29,11304.0
14028.0,30 a 45,14090.0
14028.0,46 a 60,9845.0
14028.0,> 60,9911.0
,,
,,
14035.0,0 a 2,1313.0
14035.0,3 a 5,1592.0
14035.0,6 a 11,3263.0
14035.0,12 a 18,3903.0
14035.0,19 a 29,5506.0
14035.0,30 a 45,8262.0
14035.0,46 a 60,6020.0
14035.0,> 60,6205.0
,,
,,
14042.0,0 a 2,5545.0
14042.0,3 a 5,6949.0
14042.0,6 a 11,14299.0
14042.0,12 a 18,16119.0
14042.0,19 a 29,25756.0
14042.0,30 a 45,36707.0
14042.0,46 a 60,23339.0
14042.0,> 60,23683.0
,,
,,
14049.0,0 a 2,1382.0
14049.0,3 a 5,1743.0
14049.0,6 a 11,3562.0
14049.0,12 a 18,4456.0
14049.0,19 a 29,6019.0
14049.0,30 a 45,7593.0
14049.0,46 a 60,5551.0
14049.0,> 60,5717.0
,,
,,
14056.0,0 a 2,2487.0
14056.0,3 a 5,3118.0
14056.0,6 a 11,6415.0
14056.0,12 a 18,7384.0
14056.0,19 a 29,11192.0
14056.0,30 a 45,15780.0
14056.0,46 a 60,11021.0
14056.0,> 60,10920.0
,,
,,
14063.0,0 a 2,3515.0
14063.0,3 a 5,4276.0
14063.0,6 a 11,9153.0
14063.0,12 a 18,10574.0
14063.0,19 a 29,15705.0
14063.0,30 a 45,24300.0
14063.0,46 a 60,18437.0
14063.0,> 60,21326.0
,,
,,
14070.0,0 a 2,156.0
14070.0,3 a 5,215.0
14070.0,6 a 11,424.0
14070.0,12 a 18,529.0
14070.0,19 a 29,801.0
14070.0,30 a 45,943.0
14070.0,46 a 60,856.0
14070.0,> 60,931.0
,,
,,
14077.0,0 a 2,169.0
14077.0,3 a 5,208.0
14077.0,6 a 11,399.0
14077.0,12 a 18,544.0
14077.0,19 a 29,798.0
14077.0,30 a 45,968.0
14077.0,46 a 60,947.0
14077.0,> 60,1037.0
,,
,,
14084.0,0 a 2,1291.0
14084.0,3 a 5,1616.0
14084.0,6 a 11,3515.0
14084.0,12 a 18,4141.0
14084.0,19 a 29,5665.0
14084.0,30 a 45,8145.0
14084.0,46 a 60,6245.0
14084.0,> 60,6933.0
,,
,,
14091.0,0 a 2,6565.0
14091.0,3 a 5,8649.0
14091.0,6 a 11,19630.0
14091.0,12 a 18,23311.0
14091.0,19 a 29,32836.0
14091.0,30 a 45,49477.0
14091.0,46 a 60,38705.0
14091.0,> 60,40321.0
,,
,,
14098.0,0 a 2,9807.0
14098.0,3 a 5,11863.0
14098.0,6 a 11,24667.0
14098.0,12 a 18,28427.0
14098.0,19 a 29,46131.0
14098.0,30 a 45,64078.0
14098.0,46 a 60,45517.0
14098.0,> 60,47489.0
,,
,,
14105.0,0 a 2,2424.0
14105.0,3 a 5,2879.0
14105.0,6 a 11,5663.0
14105.0,12 a 18,6638.0
14105.0,19 a 29,10434.0
14105.0,30 a 45,12870.0
14105.0,46 a 60,9026.0
14105.0,> 60,8247.0
,,
,,
14112.0,0 a 2,612.0
14112.0,3 a 5,712.0
14112.0,6 a 11,1591.0
14112.0,12 a 18,1918.0
14112.0,19 a 29,2692.0
14112.0,30 a 45,3205.0
14112.0,46 a 60,2406.0
14112.0,> 60,2139.0
,,
,,
14119.0,0 a 2,4071.0
14119.0,3 a 5,4752.0
14119.0,6 a 11,10379.0
14119.0,12 a 18,12099.0
14119.0,19 a 29,18920.0
14119.0,30 a 45,26043.0
14119.0,46 a 60,18661.0
14119.0,> 60,18386.0
,,
,,
14126.0,0 a 2,1425.0
14126.0,3 a 5,1903.0
14126.0,6 a 11,3968.0
14126.0,12 a 18,4656.0
14126.0,19 a 29,6943.0
14126.0,30 a 45,9324.0
14126.0,46 a 60,7106.0
14126.0,> 60,6704.0
,,
,,
14133.0,0 a 2,2196.0
14133.0,3 a 5,2613.0
14133.0,6 a 11,6034.0
14133.0,12 a 18,6847.0
14133.0,19 a 29,9760.0
14133.0,30 a 45,14470.0
14133.0,46 a 60,10621.0
14133.0,> 60,10159.0
,,
,,
14140.0,0 a 2,7899.0
14140.0,3 a 5,9838.0
14140.0,6 a 11,20783.0
14140.0,12 a 18,24859.0
14140.0,19 a 29,36811.0
14140.0,30 a 45,52543.0
14140.0,46 a 60,37628.0
14140.0,> 60,38590.0
,,
,,
14147.0,0 a 2,5257.0
14147.0,3 a 5,6745.0
14147.0,6 a 11,14361.0
14147.0,12 a 18,15614.0
14147.0,19 a 29,21398.0
14147.0,30 a 45,33772.0
14147.0,46 a 60,22297.0
14147.0,> 60,19568.0
,,
,,
14154.0,0 a 2,153.0
14154.0,3 a 5,192.0
14154.0,6 a 11,401.0
14154.0,12 a 18,541.0
14154.0,19 a 29,763.0
14154.0,30 a 45,917.0
14154.0,46 a 60,727.0
14154.0,> 60,687.0
,,
,,
14161.0,0 a 2,3991.0
14161.0,3 a 5,5123.0
14161.0,6 a 11,10870.0
14161.0,12 a 18,12405.0
14161.0,19 a 29,18302.0
14161.0,30 a 45,27131.0
14161.0,46 a 60,20061.0
14161.0,> 60,22324.0
,,
,,
14168.0,0 a 2,911.0
14168.0,3 a 5,1032.0
14168.0,6 a 11,2217.0
14168.0,12 a 18,2670.0
14168.0,19 a 29,3769.0
14168.0,30 a 45,5215.0
14168.0,46 a 60,3618.0
14168.0,> 60,3041.0
,,
,,
14175.0,0 a 2,537.0
14175.0,3 a 5,621.0
14175.0,6 a 11,1209.0
14175.0,12 a 18,1507.0
14175.0,19 a 29,2397.0
14175.0,30 a 45,2962.0
14175.0,46 a 60,2232.0
14175.0,> 60,2627.0
,,
,,
14182.0,0 a 2,3968.0
14182.0,3 a 5,4780.0
14182.0,6 a 11,10277.0
14182.0,12 a 18,12072.0
14182.0,19 a 29,17715.0
14182.0,30 a 45,25737.0
14182.0,46 a 60,18476.0
14182.0,> 60,20610.0
,,
,,
18007.0,0 a 2,2069.0
18007.0,3 a 5,2328.0
18007.0,6 a 11,4808.0
18007.0,12 a 18,5139.0
18007.0,19 a 29,7974.0
18007.0,30 a 45,9904.0
18007.0,46 a 60,6499.0
18007.0,> 60,5648.0
,,
,,
18014.0,0 a 2,94.0
18014.0,3 a 5,137.0
18014.0,6 a 11,265.0
18014.0,12 a 18,324.0
18014.0,19 a 29,532.0
18014.0,30 a 45,588.0
18014.0,46 a 60,471.0
18014.0,> 60,397.0
,,
,,
18021.0,0 a 2,15480.0
18021.0,3 a 5,19680.0
18021.0,6 a 11,40888.0
18021.0,12 a 18,47679.0
18021.0,19 a 29,85392.0
18021.0,30 a 45,104843.0
18021.0,46 a 60,65982.0
18021.0,> 60,57502.0
,,
,,
18028.0,0 a 2,1257.0
18028.0,3 a 5,1534.0
18028.0,6 a 11,3184.0
18028.0,12 a 18,3682.0
18028.0,19 a 29,5265.0
18028.0,30 a 45,5444.0
18028.0,46 a 60,3266.0
18028.0,> 60,2638.0
,,
,,
18035.0,0 a 2,2127.0
18035.0,3 a 5,2522.0
18035.0,6 a 11,5255.0
18035.0,12 a 18,6224.0
18035.0,19 a 29,8855.0
18035.0,30 a 45,10790.0
18035.0,46 a 60,7898.0
18035.0,> 60,7818.0
,,
,,
18042.0,0 a 2,697.0
18042.0,3 a 5,877.0
18042.0,6 a 11,1754.0
18042.0,12 a 18,2082.0
18042.0,19 a 29,3399.0
18042.0,30 a 45,4049.0
18042.0,46 a 60,2680.0
18042.0,> 60,2410.0
,,
,,
18049.0,0 a 2,1545.0
18049.0,3 a 5,2117.0
18049.0,6 a 11,4138.0
18049.0,12 a 18,4927.0
18049.0,19 a 29,7075.0
18049.0,30 a 45,8114.0
18049.0,46 a 60,5620.0
18049.0,> 60,5632.0
,,
,,
18056.0,0 a 2,396.0
18056.0,3 a 5,477.0
18056.0,6 a 11,896.0
18056.0,12 a 18,1126.0
18056.0,19 a 29,1511.0
18056.0,30 a 45,1824.0
18056.0,46 a 60,1435.0
18056.0,> 60,1386.0
,,
,,
18063.0,0 a 2,627.0
18063.0,3 a 5,798.0
18063.0,6 a 11,1615.0
18063.0,12 a 18,1937.0
18063.0,19 a 29,2988.0
18063.0,30 a 45,3659.0
18063.0,46 a 60,2650.0
18063.0,> 60,2742.0
,,
,,
18070.0,0 a 2,4076.0
18070.0,3 a 5,4959.0
18070.0,6 a 11,10905.0
18070.0,12 a 18,12844.0
18070.0,19 a 29,18565.0
18070.0,30 a 45,23011.0
18070.0,46 a 60,16387.0
18070.0,> 60,15476.0
,,
,,
18077.0,0 a 2,499.0
18077.0,3 a 5,637.0
18077.0,6 a 11,1276.0
18077.0,12 a 18,1379.0
18077.0,19 a 29,2139.0
18077.0,30 a 45,2530.0
18077.0,46 a 60,1660.0
18077.0,> 60,1826.0
,,
,,
18084.0,0 a 2,1783.0
18084.0,3 a 5,2033.0
18084.0,6 a 11,4200.0
18084.0,12 a 18,4751.0
18084.0,19 a 29,7105.0
18084.0,30 a 45,8627.0
18084.0,46 a 60,5605.0
18084.0,> 60,4663.0
,,
,,
18091.0,0 a 2,2025.0
18091.0,3 a 5,2407.0
18091.0,6 a 11,4752.0
18091.0,12 a 18,5177.0
18091.0,19 a 29,8013.0
18091.0,30 a 45,8574.0
18091.0,46 a 60,5174.0
18091.0,> 60,4284.0
,,
,,
18098.0,0 a 2,492.0
18098.0,3 a 5,510.0
18098.0,6 a 11,1108.0
18098.0,12 a 18,1439.0
18098.0,19 a 29,2114.0
18098.0,30 a 45,2430.0
18098.0,46 a 60,1691.0
18098.0,> 60,1757.0
,,
,,
18105.0,0 a 2,2316.0
18105.0,3 a 5,2649.0
18105.0,6 a 11,5266.0
18105.0,12 a 18,5536.0
18105.0,19 a 29,9175.0
18105.0,30 a 45,11024.0
18105.0,46 a 60,7305.0
18105.0,> 60,6536.0
,,
,,
18112.0,0 a 2,1839.0
18112.0,3 a 5,2277.0
18112.0,6 a 11,4648.0
18112.0,12 a 18,5272.0
18112.0,19 a 29,8084.0
18112.0,30 a 45,10024.0
18112.0,46 a 60,6805.0
18112.0,> 60,6653.0
,,
,,
18119.0,0 a 2,2478.0
18119.0,3 a 5,2964.0
18119.0,6 a 11,6353.0
18119.0,12 a 18,7503.0
18119.0,19 a 29,9531.0
18119.0,30 a 45,12450.0
18119.0,46 a 60,8470.0
18119.0,> 60,7029.0
,,
,,
18126.0,0 a 2,1248.0
18126.0,3 a 5,1455.0
18126.0,6 a 11,3024.0
18126.0,12 a 18,3676.0
18126.0,19 a 29,5410.0
18126.0,30 a 45,6321.0
18126.0,46 a 60,4196.0
18126.0,> 60,3796.0
,,
,,
18133.0,0 a 2,731.0
18133.0,3 a 5,902.0
18133.0,6 a 11,1882.0
18133.0,12 a 18,2017.0
18133.0,19 a 29,3469.0
18133.0,30 a 45,4627.0
18133.0,46 a 60,3217.0
18133.0,> 60,2834.0
,,
,,
18140.0,0 a 2,825.0
18140.0,3 a 5,1037.0
18140.0,6 a 11,2025.0
18140.0,12 a 18,2496.0
18140.0,19 a 29,4020.0
18140.0,30 a 45,4682.0
18140.0,46 a 60,3244.0
18140.0,> 60,3052.0
,,
,,
18147.0,0 a 2,693.0
18147.0,3 a 5,819.0
18147.0,6 a 11,1702.0
18147.0,12 a 18,1972.0
18147.0,19 a 29,2502.0
18147.0,30 a 45,3217.0
18147.0,46 a 60,2210.0
18147.0,> 60,2049.0
,,
,,
18154.0,0 a 2,569.0
18154.0,3 a 5,718.0
18154.0,6 a 11,1498.0
18154.0,12 a 18,1740.0
18154.0,19 a 29,2486.0
18154.0,30 a 45,2478.0
18154.0,46 a 60,1656.0
18154.0,> 60,1555.0
,,
,,
18161.0,0 a 2,1026.0
18161.0,3 a 5,1145.0
18161.0,6 a 11,2315.0
18161.0,12 a 18,2767.0
18161.0,19 a 29,4431.0
18161.0,30 a 45,4758.0
18161.0,46 a 60,3232.0
18161.0,> 60,3008.0
,,
,,
18168.0,0 a 2,3275.0
18168.0,3 a 5,3709.0
18168.0,6 a 11,8046.0
18168.0,12 a 18,9133.0
18168.0,19 a 29,14626.0
18168.0,30 a 45,15563.0
18168.0,46 a 60,9946.0
18168.0,> 60,7624.0
,,
,,
18175.0,0 a 2,393.0
18175.0,3 a 5,529.0
18175.0,6 a 11,1061.0
18175.0,12 a 18,1304.0
18175.0,19 a 29,1859.0
18175.0,30 a 45,2067.0
18175.0,46 a 60,1567.0
18175.0,> 60,1602.0
,,
,,
22007.0,0 a 2,1905.0
22007.0,3 a 5,2184.0
22007.0,6 a 11,4305.0
22007.0,12 a 18,5388.0
22007.0,19 a 29,7498.0
22007.0,30 a 45,8460.0
22007.0,46 a 60,4772.0
22007.0,> 60,3282.0
,,
,,
22014.0,0 a 2,1216.0
22014.0,3 a 5,1344.0
22014.0,6 a 11,2968.0
22014.0,12 a 18,3256.0
22014.0,19 a 29,5161.0
22014.0,30 a 45,6204.0
22014.0,46 a 60,4045.0
22014.0,> 60,3866.0
,,
,,
22021.0,0 a 2,3825.0
22021.0,3 a 5,4754.0
22021.0,6 a 11,10417.0
22021.0,12 a 18,12481.0
22021.0,19 a 29,18988.0
22021.0,30 a 45,23332.0
22021.0,46 a 60,14795.0
22021.0,> 60,12494.0
,,
,,
22028.0,0 a 2,1400.0
22028.0,3 a 5,1714.0
22028.0,6 a 11,3571.0
22028.0,12 a 18,3737.0
22028.0,19 a 29,6482.0
22028.0,30 a 45,8231.0
22028.0,46 a 60,5064.0
22028.0,> 60,4294.0
,,
,,
22036.0,0 a 2,1136.0
22036.0,3 a 5,1126.0
22036.0,6 a 11,2450.0
22036.0,12 a 18,2724.0
22036.0,19 a 29,4612.0
22036.0,30 a 45,5361.0
22036.0,46 a 60,3276.0
22036.0,> 60,2494.0
,,
,,
22039.0,0 a 2,338.0
22039.0,3 a 5,407.0
22039.0,6 a 11,783.0
22039.0,12 a 18,880.0
22039.0,19 a 29,1552.0
22039.0,30 a 45,1928.0
22039.0,46 a 60,1363.0
22039.0,> 60,1059.0
,,
,,
22043.0,0 a 2,446.0
22043.0,3 a 5,522.0
22043.0,6 a 11,1106.0
22043.0,12 a 18,1238.0
22043.0,19 a 29,1968.0
22043.0,30 a 45,2396.0
22043.0,46 a 60,1600.0
22043.0,> 60,1367.0
,,
,,
22049.0,0 a 2,640.0
22049.0,3 a 5,771.0
22049.0,6 a 11,1466.0
22049.0,12 a 18,1702.0
22049.0,19 a 29,2581.0
22049.0,30 a 45,2727.0
22049.0,46 a 60,1627.0
22049.0,> 60,1293.0
,,
,,
22056.0,0 a 2,538.0
22056.0,3 a 5,747.0
22056.0,6 a 11,1538.0
22056.0,12 a 18,1769.0
22056.0,19 a 29,2822.0
22056.0,30 a 45,3561.0
22056.0,46 a 60,2228.0
22056.0,> 60,1858.0
,,
,,
22063.0,0 a 2,2996.0
22063.0,3 a 5,3925.0
22063.0,6 a 11,8259.0
22063.0,12 a 18,8792.0
22063.0,19 a 29,13855.0
22063.0,30 a 45,15853.0
22063.0,46 a 60,8794.0
22063.0,> 60,5955.0
,,
,,
22070.0,0 a 2,1056.0
22070.0,3 a 5,1262.0
22070.0,6 a 11,2577.0
22070.0,12 a 18,3219.0
22070.0,19 a 29,4198.0
22070.0,30 a 45,4743.0
22070.0,46 a 60,2777.0
22070.0,> 60,2116.0
,,
,,
22077.0,0 a 2,568.0
22077.0,3 a 5,714.0
22077.0,6 a 11,1476.0
22077.0,12 a 18,1563.0
22077.0,19 a 29,2566.0
22077.0,30 a 45,3399.0
22077.0,46 a 60,1919.0
22077.0,> 60,1570.0
,,
,,
22084.0,0 a 2,2880.0
22084.0,3 a 5,3634.0
22084.0,6 a 11,7273.0
22084.0,12 a 18,8036.0
22084.0,19 a 29,12595.0
22084.0,30 a 45,14672.0
22084.0,46 a 60,8944.0
22084.0,> 60,7270.0
,,
,,
22091.0,0 a 2,1230.0
22091.0,3 a 5,1471.0
22091.0,6 a 11,3024.0
22091.0,12 a 18,3220.0
22091.0,19 a 29,5104.0
22091.0,30 a 45,5801.0
22091.0,46 a 60,3601.0
22091.0,> 60,2903.0
,,
,,
22098.0,0 a 2,2719.0
22098.0,3 a 5,3161.0
22098.0,6 a 11,6579.0
22098.0,12 a 18,6893.0
22098.0,19 a 29,11089.0
22098.0,30 a 45,13577.0
22098.0,46 a 60,8812.0
22098.0,> 60,6968.0
,,
,,
22105.0,0 a 2,1367.0
22105.0,3 a 5,1620.0
22105.0,6 a 11,3073.0
22105.0,12 a 18,3552.0
22105.0,19 a 29,5564.0
22105.0,30 a 45,7033.0
22105.0,46 a 60,4273.0
22105.0,> 60,3741.0
,,
,,
22112.0,0 a 2,991.0
22112.0,3 a 5,1099.0
22112.0,6 a 11,2597.0
22112.0,12 a 18,2996.0
22112.0,19 a 29,4228.0
22112.0,30 a 45,4624.0
22112.0,46 a 60,2876.0
22112.0,> 60,2133.0
,,
,,
22119.0,0 a 2,597.0
22119.0,3 a 5,756.0
22119.0,6 a 11,1578.0
22119.0,12 a 18,1785.0
22119.0,19 a 29,2719.0
22119.0,30 a 45,3038.0
22119.0,46 a 60,1895.0
22119.0,> 60,1570.0
,,
,,
22126.0,0 a 2,600.0
22126.0,3 a 5,760.0
22126.0,6 a 11,1577.0
22126.0,12 a 18,1495.0
22126.0,19 a 29,2640.0
22126.0,30 a 45,3365.0
22126.0,46 a 60,2144.0
22126.0,> 60,1684.0
,,
,,
22133.0,0 a 2,1490.0
22133.0,3 a 5,1678.0
22133.0,6 a 11,3266.0
22133.0,12 a 18,4092.0
22133.0,19 a 29,6065.0
22133.0,30 a 45,7225.0
22133.0,46 a 60,4494.0
22133.0,> 60,4120.0
,,
,,
22140.0,0 a 2,13781.0
22140.0,3 a 5,18040.0
22140.0,6 a 11,38963.0
22140.0,12 a 18,43342.0
22140.0,19 a 29,77271.0
22140.0,30 a 45,103451.0
22140.0,46 a 60,65040.0
22140.0,> 60,53876.0
,,
,,
22147.0,0 a 2,778.0
22147.0,3 a 5,929.0
22147.0,6 a 11,1818.0
22147.0,12 a 18,1995.0
22147.0,19 a 29,3116.0
22147.0,30 a 45,3478.0
22147.0,46 a 60,2198.0
22147.0,> 60,1733.0
,,
,,
22154.0,0 a 2,808.0
22154.0,3 a 5,961.0
22154.0,6 a 11,1978.0
22154.0,12 a 18,2220.0
22154.0,19 a 29,3833.0
22154.0,30 a 45,3981.0
22154.0,46 a 60,2651.0
22154.0,> 60,2264.0
,,
,,
22161.0,0 a 2,187.0
22161.0,3 a 5,207.0
22161.0,6 a 11,437.0
22161.0,12 a 18,510.0
22161.0,19 a 29,733.0
22161.0,30 a 45,921.0
22161.0,46 a 60,621.0
22161.0,> 60,435.0
,,
,,
22168.0,0 a 2,1538.0
22168.0,3 a 5,1763.0
22168.0,6 a 11,3902.0
22168.0,12 a 18,4429.0
22168.0,19 a 29,6218.0
22168.0,30 a 45,7085.0
22168.0,46 a 60,4200.0
22168.0,> 60,3471.0
,,
,,
26007.0,0 a 2,3737.0
26007.0,3 a 5,4374.0
26007.0,6 a 11,10375.0
26007.0,12 a 18,12276.0
26007.0,19 a 29,17280.0
26007.0,30 a 45,26499.0
26007.0,46 a 60,15944.0
26007.0,> 60,12321.0
,,
,,
26014.0,0 a 2,851.0
26014.0,3 a 5,1171.0
26014.0,6 a 11,2754.0
26014.0,12 a 18,3172.0
26014.0,19 a 29,4075.0
26014.0,30 a 45,7093.0
26014.0,46 a 60,4965.0
26014.0,> 60,4018.0
,,
,,
26021.0,0 a 2,7262.0
26021.0,3 a 5,9406.0
26021.0,6 a 11,21521.0
26021.0,12 a 18,23941.0
26021.0,19 a 29,35353.0
26021.0,30 a 45,56567.0
26021.0,46 a 60,33698.0
26021.0,> 60,27081.0
,,
,,
26028.0,0 a 2,72.0
26028.0,3 a 5,103.0
26028.0,6 a 11,189.0
26028.0,12 a 18,189.0
26028.0,19 a 29,287.0
26028.0,30 a 45,433.0
26028.0,46 a 60,300.0
26028.0,> 60,209.0
,,
,,
26035.0,0 a 2,1486.0
26035.0,3 a 5,2036.0
26035.0,6 a 11,4856.0
26035.0,12 a 18,5502.0
26035.0,19 a 29,7891.0
26035.0,30 a 45,12509.0
26035.0,46 a 60,8799.0
26035.0,> 60,6886.0
,,
,,
26042.0,0 a 2,458.0
26042.0,3 a 5,540.0
26042.0,6 a 11,1179.0
26042.0,12 a 18,1461.0
26042.0,19 a 29,2056.0
26042.0,30 a 45,2849.0
26042.0,46 a 60,2114.0
26042.0,> 60,1848.0
,,
,,
26049.0,0 a 2,31.0
26049.0,3 a 5,52.0
26049.0,6 a 11,90.0
26049.0,12 a 18,115.0
26049.0,19 a 29,151.0
26049.0,30 a 45,316.0
26049.0,46 a 60,227.0
26049.0,> 60,199.0
,,
,,
26056.0,0 a 2,95.0
26056.0,3 a 5,141.0
26056.0,6 a 11,257.0
26056.0,12 a 18,309.0
26056.0,19 a 29,448.0
26056.0,30 a 45,644.0
26056.0,46 a 60,515.0
26056.0,> 60,453.0
,,
,,
26063.0,0 a 2,21.0
26063.0,3 a 5,43.0
26063.0,6 a 11,60.0
26063.0,12 a 18,68.0
26063.0,19 a 29,104.0
26063.0,30 a 45,159.0
26063.0,46 a 60,154.0
26063.0,> 60,135.0
,,
,,
26070.0,0 a 2,61.0
26070.0,3 a 5,76.0
26070.0,6 a 11,160.0
26070.0,12 a 18,178.0
26070.0,19 a 29,347.0
26070.0,30 a 45,440.0
26070.0,46 a 60,351.0
26070.0,> 60,269.0
,,
,,
26077.0,0 a 2,4615.0
26077.0,3 a 5,5876.0
26077.0,6 a 11,13418.0
26077.0,12 a 18,15650.0
26077.0,19 a 29,23679.0
26077.0,30 a 45,35916.0
26077.0,46 a 60,24388.0
26077.0,> 60,20878.0
,,
,,
26084.0,0 a 2,260.0
26084.0,3 a 5,305.0
26084.0,6 a 11,638.0
26084.0,12 a 18,625.0
26084.0,19 a 29,1184.0
26084.0,30 a 45,1543.0
26084.0,46 a 60,980.0
26084.0,> 60,812.0
,,
,,
26091.0,0 a 2,575.0
26091.0,3 a 5,769.0
26091.0,6 a 11,1701.0
26091.0,12 a 18,1804.0
26091.0,19 a 29,2535.0
26091.0,30 a 45,3714.0
26091.0,46 a 60,1944.0
26091.0,> 60,1435.0
,,
,,
26098.0,0 a 2,197.0
26098.0,3 a 5,267.0
26098.0,6 a 11,643.0
26098.0,12 a 18,657.0
26098.0,19 a 29,866.0
26098.0,30 a 45,1489.0
26098.0,46 a 60,1009.0
26098.0,> 60,819.0
,,
,,
26105.0,0 a 2,57.0
26105.0,3 a 5,60.0
26105.0,6 a 11,144.0
26105.0,12 a 18,174.0
26105.0,19 a 29,242.0
26105.0,30 a 45,398.0
26105.0,46 a 60,266.0
26105.0,> 60,267.0
,,
,,
30008.0,0 a 2,2539.0
30008.0,3 a 5,3368.0
30008.0,6 a 11,6990.0
30008.0,12 a 18,7913.0
30008.0,19 a 29,11919.0
30008.0,30 a 45,17423.0
30008.0,46 a 60,12578.0
30008.0,> 60,12160.0
,,
,,
30015.0,0 a 2,7953.0
30015.0,3 a 5,9948.0
30015.0,6 a 11,21468.0
30015.0,12 a 18,23202.0
30015.0,19 a 29,35429.0
30015.0,30 a 45,44189.0
30015.0,46 a 60,29585.0
30015.0,> 60,25829.0
,,
,,
30021.0,0 a 2,1692.0
30021.0,3 a 5,2155.0
30021.0,6 a 11,4458.0
30021.0,12 a 18,5162.0
30021.0,19 a 29,9237.0
30021.0,30 a 45,12206.0
30021.0,46 a 60,8362.0
30021.0,> 60,9040.0
,,
,,
30028.0,0 a 2,3023.0
30028.0,3 a 5,3853.0
30028.0,6 a 11,7982.0
30028.0,12 a 18,8706.0
30028.0,19 a 29,13507.0
30028.0,30 a 45,18465.0
30028.0,46 a 60,12136.0
30028.0,> 60,10592.0
,,
,,
30035.0,0 a 2,1181.0
30035.0,3 a 5,1448.0
30035.0,6 a 11,2860.0
30035.0,12 a 18,3251.0
30035.0,19 a 29,5516.0
30035.0,30 a 45,6570.0
30035.0,46 a 60,4599.0
30035.0,> 60,4011.0
,,
,,
30042.0,0 a 2,636.0
30042.0,3 a 5,825.0
30042.0,6 a 11,1726.0
30042.0,12 a 18,2028.0
30042.0,19 a 29,3231.0
30042.0,30 a 45,3652.0
30042.0,46 a 60,2558.0
30042.0,> 60,2061.0
,,
,,
30049.0,0 a 2,1971.0
30049.0,3 a 5,2558.0
30049.0,6 a 11,5466.0
30049.0,12 a 18,6180.0
30049.0,19 a 29,8995.0
30049.0,30 a 45,12649.0
30049.0,46 a 60,9624.0
30049.0,> 60,9353.0
,,
,,
30056.0,0 a 2,4088.0
30056.0,3 a 5,5322.0
30056.0,6 a 11,11769.0
30056.0,12 a 18,13659.0
30056.0,19 a 29,19196.0
30056.0,30 a 45,29089.0
30056.0,46 a 60,21164.0
30056.0,> 60,20889.0
,,
,,
30063.0,0 a 2,564.0
30063.0,3 a 5,707.0
30063.0,6 a 11,1534.0
30063.0,12 a 18,1747.0
30063.0,19 a 29,2498.0
30063.0,30 a 45,3083.0
30063.0,46 a 60,2131.0
30063.0,> 60,1720.0
,,
,,
30070.0,0 a 2,2970.0
30070.0,3 a 5,3579.0
30070.0,6 a 11,7842.0
30070.0,12 a 18,8762.0
30070.0,19 a 29,13680.0
30070.0,30 a 45,16215.0
30070.0,46 a 60,11473.0
30070.0,> 60,10750.0
,,
,,
30077.0,0 a 2,1490.0
30077.0,3 a 5,1874.0
30077.0,6 a 11,4082.0
30077.0,12 a 18,4610.0
30077.0,19 a 29,6797.0
30077.0,30 a 45,9714.0
30077.0,46 a 60,6927.0
30077.0,> 60,7460.0
,,
,,
30084.0,0 a 2,11940.0
30084.0,3 a 5,16035.0
30084.0,6 a 11,35139.0
30084.0,12 a 18,39844.0
30084.0,19 a 29,66398.0
30084.0,30 a 45,94150.0
30084.0,46 a 60,63834.0
30084.0,> 60,61376.0
,,
,,
30088.0,0 a 2,796.0
30088.0,3 a 5,947.0
30088.0,6 a 11,2142.0
30088.0,12 a 18,2515.0
30088.0,19 a 29,3471.0
30088.0,30 a 45,4488.0
30088.0,46 a 60,3359.0
30088.0,> 60,3068.0
,,
,,
30091.0,0 a 2,1067.0
30091.0,3 a 5,1410.0
30091.0,6 a 11,3068.0
30091.0,12 a 18,3496.0
30091.0,19 a 29,4950.0
30091.0,30 a 45,6680.0
30091.0,46 a 60,4960.0
30091.0,> 60,5460.0
,,
,,
30098.0,0 a 2,3765.0
30098.0,3 a 5,4867.0
30098.0,6 a 11,10712.0
30098.0,12 a 18,12820.0
30098.0,19 a 29,19554.0
30098.0,30 a 45,26490.0
30098.0,46 a 60,18474.0
30098.0,> 60,18834.0
,,
,,
30105.0,0 a 2,1379.0
30105.0,3 a 5,1744.0
30105.0,6 a 11,3601.0
30105.0,12 a 18,4287.0
30105.0,19 a 29,6464.0
30105.0,30 a 45,9353.0
30105.0,46 a 60,6848.0
30105.0,> 60,6625.0
,,
,,
30113.0,0 a 2,2097.0
30113.0,3 a 5,2582.0
30113.0,6 a 11,5389.0
30113.0,12 a 18,6314.0
30113.0,19 a 29,9969.0
30113.0,30 a 45,12073.0
30113.0,46 a 60,8359.0
30113.0,> 60,8501.0
,,
,,
34007.0,0 a 2,776.0
34007.0,3 a 5,987.0
34007.0,6 a 11,2028.0
34007.0,12 a 18,2207.0
34007.0,19 a 29,3037.0
34007.0,30 a 45,3269.0
34007.0,46 a 60,1885.0
34007.0,> 60,1411.0
,,
,,
34014.0,0 a 2,9174.0
34014.0,3 a 5,11953.0
34014.0,6 a 11,26493.0
34014.0,12 a 18,30652.0
34014.0,19 a 29,50871.0
34014.0,30 a 45,63766.0
34014.0,46 a 60,41872.0
34014.0,> 60,33791.0
,,
,,
34021.0,0 a 2,743.0
34021.0,3 a 5,982.0
34021.0,6 a 11,2095.0
34021.0,12 a 18,2631.0
34021.0,19 a 29,3433.0
34021.0,30 a 45,4057.0
34021.0,46 a 60,2859.0
34021.0,> 60,2475.0
,,
,,
34028.0,0 a 2,899.0
34028.0,3 a 5,1019.0
34028.0,6 a 11,2143.0
34028.0,12 a 18,2420.0
34028.0,19 a 29,3415.0
34028.0,30 a 45,3801.0
34028.0,46 a 60,2075.0
34028.0,> 60,1245.0
,,
,,
34035.0,0 a 2,3451.0
34035.0,3 a 5,4619.0
34035.0,6 a 11,9940.0
34035.0,12 a 18,10400.0
34035.0,19 a 29,15383.0
34035.0,30 a 45,16880.0
34035.0,46 a 60,11358.0
34035.0,> 60,9569.0
,,
,,
34042.0,0 a 2,861.0
34042.0,3 a 5,1003.0
34042.0,6 a 11,2181.0
34042.0,12 a 18,2467.0
34042.0,19 a 29,3149.0
34042.0,30 a 45,3886.0
34042.0,46 a 60,2985.0
34042.0,> 60,2557.0
,,
,,
34049.0,0 a 2,3984.0
34049.0,3 a 5,4950.0
34049.0,6 a 11,10260.0
34049.0,12 a 18,11076.0
34049.0,19 a 29,16208.0
34049.0,30 a 45,20073.0
34049.0,46 a 60,14121.0
34049.0,> 60,13444.0
,,
,,
34056.0,0 a 2,2933.0
34056.0,3 a 5,3897.0
34056.0,6 a 11,8111.0
34056.0,12 a 18,9246.0
34056.0,19 a 29,12621.0
34056.0,30 a 45,15002.0
34056.0,46 a 60,10826.0
34056.0,> 60,9924.0
,,
,,
34063.0,0 a 2,1088.0
34063.0,3 a 5,1333.0
34063.0,6 a 11,2783.0
34063.0,12 a 18,3034.0
34063.0,19 a 29,3735.0
34063.0,30 a 45,3590.0
34063.0,46 a 60,1455.0
34063.0,> 60,660.0
,,
,,
38007.0,0 a 2,567.0
38007.0,3 a 5,755.0
38007.0,6 a 11,1685.0
38007.0,12 a 18,2099.0
38007.0,19 a 29,2998.0
38007.0,30 a 45,3295.0
38007.0,46 a 60,1878.0
38007.0,> 60,1721.0
,,
,,
38014.0,0 a 2,4828.0
38014.0,3 a 5,6190.0
38014.0,6 a 11,13356.0
38014.0,12 a 18,15219.0
38014.0,19 a 29,23505.0
38014.0,30 a 45,28578.0
38014.0,46 a 60,17539.0
38014.0,> 60,13044.0
,,
,,
38021.0,0 a 2,9742.0
38021.0,3 a 5,13306.0
38021.0,6 a 11,31256.0
38021.0,12 a 18,34888.0
38021.0,19 a 29,55643.0
38021.0,30 a 45,77597.0
38021.0,46 a 60,51895.0
38021.0,> 60,45142.0
,,
,,
38028.0,0 a 2,712.0
38028.0,3 a 5,1040.0
38028.0,6 a 11,2442.0
38028.0,12 a 18,2816.0
38028.0,19 a 29,3782.0
38028.0,30 a 45,4868.0
38028.0,46 a 60,2807.0
38028.0,> 60,2410.0
,,
,,
38035.0,0 a 2,3698.0
38035.0,3 a 5,4449.0
38035.0,6 a 11,9746.0
38035.0,12 a 18,11270.0
38035.0,19 a 29,16890.0
38035.0,30 a 45,21904.0
38035.0,46 a 60,14602.0
38035.0,> 60,11573.0
,,
,,
38042.0,0 a 2,1945.0
38042.0,3 a 5,2855.0
38042.0,6 a 11,6551.0
38042.0,12 a 18,7631.0
38042.0,19 a 29,11413.0
38042.0,30 a 45,15857.0
38042.0,46 a 60,10089.0
38042.0,> 60,9181.0
,,
,,
38049.0,0 a 2,84.0
38049.0,3 a 5,86.0
38049.0,6 a 11,241.0
38049.0,12 a 18,238.0
38049.0,19 a 29,282.0
38049.0,30 a 45,378.0
38049.0,46 a 60,233.0
38049.0,> 60,255.0
,,
,,
38056.0,0 a 2,231.0
38056.0,3 a 5,308.0
38056.0,6 a 11,699.0
38056.0,12 a 18,738.0
38056.0,19 a 29,1197.0
38056.0,30 a 45,1656.0
38056.0,46 a 60,1119.0
38056.0,> 60,781.0
,,
,,
38063.0,0 a 2,2994.0
38063.0,3 a 5,4211.0
38063.0,6 a 11,9254.0
38063.0,12 a 18,10031.0
38063.0,19 a 29,15799.0
38063.0,30 a 45,20395.0
38063.0,46 a 60,13502.0
38063.0,> 60,12051.0
,,
,,
38070.0,0 a 2,844.0
38070.0,3 a 5,1061.0
38070.0,6 a 11,2399.0
38070.0,12 a 18,2601.0
38070.0,19 a 29,4006.0
38070.0,30 a 45,4633.0
38070.0,46 a 60,2749.0
38070.0,> 60,2204.0
,,
,,
38077.0,0 a 2,110.0
38077.0,3 a 5,172.0
38077.0,6 a 11,302.0
38077.0,12 a 18,352.0
38077.0,19 a 29,466.0
38077.0,30 a 45,482.0
38077.0,46 a 60,381.0
38077.0,> 60,376.0
,,
,,
38084.0,0 a 2,190.0
38084.0,3 a 5,249.0
38084.0,6 a 11,527.0
38084.0,12 a 18,560.0
38084.0,19 a 29,836.0
38084.0,30 a 45,831.0
38084.0,46 a 60,434.0
38084.0,> 60,339.0
,,
,,
38094.0,0 a 2,437.0
38094.0,3 a 5,626.0
38094.0,6 a 11,1549.0
38094.0,12 a 18,1803.0
38094.0,19 a 29,2674.0
38094.0,30 a 45,3594.0
38094.0,46 a 60,2184.0
38094.0,> 60,1754.0
,,
,,
38098.0,0 a 2,166.0
38098.0,3 a 5,209.0
38098.0,6 a 11,534.0
38098.0,12 a 18,565.0
38098.0,19 a 29,1063.0
38098.0,30 a 45,1231.0
38098.0,46 a 60,772.0
38098.0,> 60,758.0
,,
,,
38105.0,0 a 2,83.0
38105.0,3 a 5,111.0
38105.0,6 a 11,276.0
38105.0,12 a 18,329.0
38105.0,19 a 29,436.0
38105.0,30 a 45,528.0
38105.0,46 a 60,402.0
38105.0,> 60,325.0
,,
,,
38112.0,0 a 2,1035.0
38112.0,3 a 5,1332.0
38112.0,6 a 11,2773.0
38112.0,12 a 18,3272.0
38112.0,19 a 29,4760.0
38112.0,30 a 45,5917.0
38112.0,46 a 60,3675.0
38112.0,> 60,3067.0
,,
,,
42007.0,0 a 2,349.0
42007.0,3 a 5,420.0
42007.0,6 a 11,980.0
42007.0,12 a 18,1168.0
42007.0,19 a 29,1523.0
42007.0,30 a 45,2513.0
42007.0,46 a 60,2010.0
42007.0,> 60,2090.0
,,
,,
42014.0,0 a 2,84.0
42014.0,3 a 5,110.0
42014.0,6 a 11,272.0
42014.0,12 a 18,336.0
42014.0,19 a 29,367.0
42014.0,30 a 45,608.0
42014.0,46 a 60,444.0
42014.0,> 60,390.0
,,
,,
42021.0,0 a 2,3562.0
42021.0,3 a 5,4696.0
42021.0,6 a 11,11128.0
42021.0,12 a 18,12701.0
42021.0,19 a 29,18957.0
42021.0,30 a 45,28763.0
42021.0,46 a 60,19702.0
42021.0,> 60,18995.0
,,
,,
42028.0,0 a 2,276.0
42028.0,3 a 5,372.0
42028.0,6 a 11,880.0
42028.0,12 a 18,933.0
42028.0,19 a 29,1302.0
42028.0,30 a 45,1906.0
42028.0,46 a 60,1308.0
42028.0,> 60,1248.0
,,
,,
42035.0,0 a 2,416.0
42035.0,3 a 5,607.0
42035.0,6 a 11,1345.0
42035.0,12 a 18,1449.0
42035.0,19 a 29,2137.0
42035.0,30 a 45,3507.0
42035.0,46 a 60,2686.0
42035.0,> 60,2947.0
,,
,,
42042.0,0 a 2,45.0
42042.0,3 a 5,54.0
42042.0,6 a 11,100.0
42042.0,12 a 18,115.0
42042.0,19 a 29,156.0
42042.0,30 a 45,266.0
42042.0,46 a 60,182.0
42042.0,> 60,185.0
,,
,,
42049.0,0 a 2,71.0
42049.0,3 a 5,130.0
42049.0,6 a 11,305.0
42049.0,12 a 18,319.0
42049.0,19 a 29,452.0
42049.0,30 a 45,671.0
42049.0,46 a 60,501.0
42049.0,> 60,419.0
,,
,,
42056.0,0 a 2,409.0
42056.0,3 a 5,551.0
42056.0,6 a 11,1149.0
42056.0,12 a 18,1340.0
42056.0,19 a 29,1807.0
42056.0,30 a 45,2881.0
42056.0,46 a 60,1942.0
42056.0,> 60,2198.0
,,
,,
42063.0,0 a 2,44.0
42063.0,3 a 5,66.0
42063.0,6 a 11,150.0
42063.0,12 a 18,193.0
42063.0,19 a 29,228.0
42063.0,30 a 45,341.0
42063.0,46 a 60,239.0
42063.0,> 60,200.0
,,
,,
42070.0,0 a 2,332.0
42070.0,3 a 5,358.0
42070.0,6 a 11,756.0
42070.0,12 a 18,965.0
42070.0,19 a 29,1297.0
42070.0,30 a 45,2024.0
42070.0,46 a 60,1628.0
42070.0,> 60,2037.0
,,
,,
42077.0,0 a 2,200.0
42077.0,3 a 5,286.0
42077.0,6 a 11,590.0
42077.0,12 a 18,720.0
42077.0,19 a 29,963.0
42077.0,30 a 45,1778.0
42077.0,46 a 60,1414.0
42077.0,> 60,1762.0
,,
,,
42084.0,0 a 2,17.0
42084.0,3 a 5,22.0
42084.0,6 a 11,46.0
42084.0,12 a 18,50.0
42084.0,19 a 29,48.0
42084.0,30 a 45,102.0
42084.0,46 a 60,85.0
42084.0,> 60,58.0
,,
,,
42091.0,0 a 2,19.0
42091.0,3 a 5,14.0
42091.0,6 a 11,42.0
42091.0,12 a 18,28.0
42091.0,19 a 29,58.0
42091.0,30 a 45,102.0
42091.0,46 a 60,71.0
42091.0,> 60,79.0
,,
,,
42098.0,0 a 2,270.0
42098.0,3 a 5,377.0
42098.0,6 a 11,835.0
42098.0,12 a 18,1016.0
42098.0,19 a 29,1447.0
42098.0,30 a 45,2140.0
42098.0,46 a 60,1539.0
42098.0,> 60,1619.0
,,
,,
42105.0,0 a 2,2311.0
42105.0,3 a 5,2981.0
42105.0,6 a 11,6549.0
42105.0,12 a 18,7418.0
42105.0,19 a 29,11692.0
42105.0,30 a 45,16123.0
42105.0,46 a 60,11224.0
42105.0,> 60,10769.0
,,
,,
42112.0,0 a 2,481.0
42112.0,3 a 5,614.0
42112.0,6 a 11,1350.0
42112.0,12 a 18,1404.0
42112.0,19 a 29,1999.0
42112.0,30 a 45,2937.0
42112.0,46 a 60,1674.0
42112.0,> 60,1177.0
,,
,,
42119.0,0 a 2,268.0
42119.0,3 a 5,332.0
42119.0,6 a 11,699.0
42119.0,12 a 18,933.0
42119.0,19 a 29,1207.0
42119.0,30 a 45,1858.0
42119.0,46 a 60,1479.0
42119.0,> 60,1628.0
,,
,,
42126.0,0 a 2,344.0
42126.0,3 a 5,509.0
42126.0,6 a 11,1070.0
42126.0,12 a 18,1375.0
42126.0,19 a 29,1565.0
42126.0,30 a 45,2503.0
42126.0,46 a 60,1869.0
42126.0,> 60,1855.0
,,
,,
42133.0,0 a 2,523.0
42133.0,3 a 5,709.0
42133.0,6 a 11,1651.0
42133.0,12 a 18,1945.0
42133.0,19 a 29,2467.0
42133.0,30 a 45,3872.0
42133.0,46 a 60,2990.0
42133.0,> 60,3199.0
,,
,,
42140.0,0 a 2,641.0
42140.0,3 a 5,899.0
42140.0,6 a 11,2073.0
42140.0,12 a 18,2136.0
42140.0,19 a 29,2526.0
42140.0,30 a 45,4738.0
42140.0,46 a 60,3020.0
42140.0,> 60,1894.0
,,
,,
42147.0,0 a 2,186.0
42147.0,3 a 5,249.0
42147.0,6 a 11,506.0
42147.0,12 a 18,569.0
42147.0,19 a 29,837.0
42147.0,30 a 45,1263.0
42147.0,46 a 60,995.0
42147.0,> 60,1032.0
,,
,,
42154.0,0 a 2,557.0
42154.0,3 a 5,764.0
42154.0,6 a 11,1797.0
42154.0,12 a 18,1955.0
42154.0,19 a 29,2758.0
42154.0,30 a 45,4249.0
42154.0,46 a 60,2871.0
42154.0,> 60,2735.0
,,
,,
46007.0,0 a 2,589.0
46007.0,3 a 5,764.0
46007.0,6 a 11,1645.0
46007.0,12 a 18,1863.0
46007.0,19 a 29,3148.0
46007.0,30 a 45,3824.0
46007.0,46 a 60,2430.0
46007.0,> 60,1988.0
,,
,,
46014.0,0 a 2,7069.0
46014.0,3 a 5,8628.0
46014.0,6 a 11,19946.0
46014.0,12 a 18,23880.0
46014.0,19 a 29,43973.0
46014.0,30 a 45,52391.0
46014.0,46 a 60,31316.0
46014.0,> 60,23304.0
,,
,,
46021.0,0 a 2,170.0
46021.0,3 a 5,239.0
46021.0,6 a 11,538.0
46021.0,12 a 18,599.0
46021.0,19 a 29,920.0
46021.0,30 a 45,1352.0
46021.0,46 a 60,978.0
46021.0,> 60,1014.0
,,
,,
46028.0,0 a 2,350.0
46028.0,3 a 5,479.0
46028.0,6 a 11,1078.0
46028.0,12 a 18,1172.0
46028.0,19 a 29,2069.0
46028.0,30 a 45,2792.0
46028.0,46 a 60,1804.0
46028.0,> 60,1627.0
,,
,,
46035.0,0 a 2,587.0
46035.0,3 a 5,720.0
46035.0,6 a 11,1360.0
46035.0,12 a 18,1701.0
46035.0,19 a 29,2913.0
46035.0,30 a 45,3567.0
46035.0,46 a 60,2549.0
46035.0,> 60,2233.0
,,
,,
46042.0,0 a 2,2006.0
46042.0,3 a 5,2573.0
46042.0,6 a 11,6019.0
46042.0,12 a 18,7421.0
46042.0,19 a 29,11166.0
46042.0,30 a 45,13852.0
46042.0,46 a 60,8837.0
46042.0,> 60,6807.0
,,
,,
46049.0,0 a 2,214.0
46049.0,3 a 5,265.0
46049.0,6 a 11,664.0
46049.0,12 a 18,804.0
46049.0,19 a 29,1197.0
46049.0,30 a 45,1618.0
46049.0,46 a 60,1141.0
46049.0,> 60,1081.0
,,
,,
46056.0,0 a 2,117.0
46056.0,3 a 5,138.0
46056.0,6 a 11,333.0
46056.0,12 a 18,355.0
46056.0,19 a 29,610.0
46056.0,30 a 45,691.0
46056.0,46 a 60,500.0
46056.0,> 60,440.0
,,
,,
46063.0,0 a 2,275.0
46063.0,3 a 5,346.0
46063.0,6 a 11,677.0
46063.0,12 a 18,835.0
46063.0,19 a 29,1417.0
46063.0,30 a 45,1626.0
46063.0,46 a 60,1259.0
46063.0,> 60,1180.0
,,
,,
46070.0,0 a 2,150.0
46070.0,3 a 5,187.0
46070.0,6 a 11,362.0
46070.0,12 a 18,461.0
46070.0,19 a 29,749.0
46070.0,30 a 45,825.0
46070.0,46 a 60,707.0
46070.0,> 60,572.0
,,
,,
46077.0,0 a 2,72.0
46077.0,3 a 5,86.0
46077.0,6 a 11,164.0
46077.0,12 a 18,214.0
46077.0,19 a 29,333.0
46077.0,30 a 45,472.0
46077.0,46 a 60,306.0
46077.0,> 60,238.0
,,
,,
46084.0,0 a 2,269.0
46084.0,3 a 5,298.0
46084.0,6 a 11,656.0
46084.0,12 a 18,805.0
46084.0,19 a 29,1323.0
46084.0,30 a 45,1537.0
46084.0,46 a 60,1181.0
46084.0,> 60,1278.0
,,
,,
46091.0,0 a 2,172.0
46091.0,3 a 5,222.0
46091.0,6 a 11,538.0
46091.0,12 a 18,655.0
46091.0,19 a 29,927.0
46091.0,30 a 45,1038.0
46091.0,46 a 60,833.0
46091.0,> 60,632.0
,,
,,
46098.0,0 a 2,108.0
46098.0,3 a 5,116.0
46098.0,6 a 11,246.0
46098.0,12 a 18,305.0
46098.0,19 a 29,456.0
46098.0,30 a 45,603.0
46098.0,46 a 60,467.0
46098.0,> 60,394.0
,,
,,
46105.0,0 a 2,98.0
46105.0,3 a 5,111.0
46105.0,6 a 11,241.0
46105.0,12 a 18,307.0
46105.0,19 a 29,390.0
46105.0,30 a 45,547.0
46105.0,46 a 60,391.0
46105.0,> 60,314.0
,,
,,
46112.0,0 a 2,565.0
46112.0,3 a 5,745.0
46112.0,6 a 11,1652.0
46112.0,12 a 18,1864.0
46112.0,19 a 29,2956.0
46112.0,30 a 45,3321.0
46112.0,46 a 60,2454.0
46112.0,> 60,2207.0
,,
,,
46119.0,0 a 2,151.0
46119.0,3 a 5,194.0
46119.0,6 a 11,429.0
46119.0,12 a 18,494.0
46119.0,19 a 29,782.0
46119.0,30 a 45,934.0
46119.0,46 a 60,660.0
46119.0,> 60,662.0
,,
,,
46126.0,0 a 2,106.0
46126.0,3 a 5,124.0
46126.0,6 a 11,317.0
46126.0,12 a 18,314.0
46126.0,19 a 29,553.0
46126.0,30 a 45,697.0
46126.0,46 a 60,492.0
46126.0,> 60,391.0
,,
,,
50007.0,0 a 2,3726.0
50007.0,3 a 5,4557.0
50007.0,6 a 11,9891.0
50007.0,12 a 18,11066.0
50007.0,19 a 29,20263.0
50007.0,30 a 45,30322.0
50007.0,46 a 60,19265.0
50007.0,> 60,24625.0
,,
,,
50014.0,0 a 2,1809.0
50014.0,3 a 5,2260.0
50014.0,6 a 11,5385.0
50014.0,12 a 18,5721.0
50014.0,19 a 29,7805.0
50014.0,30 a 45,11090.0
50014.0,46 a 60,8264.0
50014.0,> 60,10045.0
,,
,,
50021.0,0 a 2,5833.0
50021.0,3 a 5,7559.0
50021.0,6 a 11,16942.0
50021.0,12 a 18,19597.0
50021.0,19 a 29,31218.0
50021.0,30 a 45,45911.0
50021.0,46 a 60,30693.0
50021.0,> 60,36804.0
,,
,,
50028.0,0 a 2,10918.0
50028.0,3 a 5,14431.0
50028.0,6 a 11,31776.0
50028.0,12 a 18,35018.0
50028.0,19 a 29,53346.0
50028.0,30 a 45,74234.0
50028.0,46 a 60,51067.0
50028.0,> 60,50081.0
,,
,,
50035.0,0 a 2,1587.0
50035.0,3 a 5,2075.0
50035.0,6 a 11,4550.0
50035.0,12 a 18,5068.0
50035.0,19 a 29,7631.0
50035.0,30 a 45,10399.0
50035.0,46 a 60,7532.0
50035.0,> 60,7630.0
,,
,,
50042.0,0 a 2,444.0
50042.0,3 a 5,574.0
50042.0,6 a 11,1305.0
50042.0,12 a 18,1302.0
50042.0,19 a 29,2211.0
50042.0,30 a 45,2700.0
50042.0,46 a 60,1791.0
50042.0,> 60,1691.0
,,
,,
50049.0,0 a 2,8397.0
50049.0,3 a 5,11303.0
50049.0,6 a 11,24827.0
50049.0,12 a 18,27850.0
50049.0,19 a 29,40109.0
50049.0,30 a 45,52181.0
50049.0,46 a 60,35852.0
50049.0,> 60,33320.0
,,
,,
50056.0,0 a 2,1959.0
50056.0,3 a 5,2567.0
50056.0,6 a 11,5749.0
50056.0,12 a 18,5944.0
50056.0,19 a 29,8769.0
50056.0,30 a 45,10638.0
50056.0,46 a 60,6242.0
50056.0,> 60,5218.0
,,
,,
50063.0,0 a 2,6056.0
50063.0,3 a 5,7858.0
50063.0,6 a 11,17898.0
50063.0,12 a 18,20387.0
50063.0,19 a 29,28141.0
50063.0,30 a 45,39106.0
50063.0,46 a 60,28717.0
50063.0,> 60,23720.0
,,
,,
50070.0,0 a 2,7948.0
50070.0,3 a 5,10215.0
50070.0,6 a 11,22679.0
50070.0,12 a 18,25291.0
50070.0,19 a 29,36425.0
50070.0,30 a 45,51621.0
50070.0,46 a 60,34382.0
50070.0,> 60,30326.0
,,
,,
50077.0,0 a 2,1182.0
50077.0,3 a 5,1629.0
50077.0,6 a 11,3700.0
50077.0,12 a 18,4071.0
50077.0,19 a 29,5263.0
50077.0,30 a 45,7727.0
50077.0,46 a 60,4980.0
50077.0,> 60,4044.0
,,
,,
50084.0,0 a 2,2312.0
50084.0,3 a 5,2949.0
50084.0,6 a 11,6608.0
50084.0,12 a 18,7111.0
50084.0,19 a 29,10930.0
50084.0,30 a 45,13709.0
50084.0,46 a 60,9646.0
50084.0,> 60,10324.0
,,
,,
50091.0,0 a 2,1514.0
50091.0,3 a 5,1961.0
50091.0,6 a 11,4334.0
50091.0,12 a 18,4793.0
50091.0,19 a 29,6824.0
50091.0,30 a 45,9047.0
50091.0,46 a 60,5846.0
50091.0,> 60,5433.0
,,
,,
50098.0,0 a 2,5122.0
50098.0,3 a 5,6520.0
50098.0,6 a 11,14861.0
50098.0,12 a 18,15658.0
50098.0,19 a 29,23294.0
50098.0,30 a 45,30271.0
50098.0,46 a 60,20866.0
50098.0,> 60,22814.0
,,
,,
50105.0,0 a 2,7467.0
50105.0,3 a 5,9770.0
50105.0,6 a 11,21325.0
50105.0,12 a 18,23389.0
50105.0,19 a 29,34458.0
50105.0,30 a 45,47018.0
50105.0,46 a 60,32982.0
50105.0,> 60,36795.0
,,
,,
50112.0,0 a 2,771.0
50112.0,3 a 5,994.0
50112.0,6 a 11,2143.0
50112.0,12 a 18,2263.0
50112.0,19 a 29,3348.0
50112.0,30 a 45,4271.0
50112.0,46 a 60,2774.0
50112.0,> 60,2815.0
,,
,,
50119.0,0 a 2,2267.0
50119.0,3 a 5,2891.0
50119.0,6 a 11,6688.0
50119.0,12 a 18,7298.0
50119.0,19 a 29,10057.0
50119.0,30 a 45,13666.0
50119.0,46 a 60,8788.0
50119.0,> 60,8317.0
,,
,,
50126.0,0 a 2,1685.0
50126.0,3 a 5,2125.0
50126.0,6 a 11,4851.0
50126.0,12 a 18,5315.0
50126.0,19 a 29,7718.0
50126.0,30 a 45,9409.0
50126.0,46 a 60,5505.0
50126.0,> 60,4560.0
,,
,,
54007.0,0 a 2,2441.0
54007.0,3 a 5,2821.0
54007.0,6 a 11,5788.0
54007.0,12 a 18,6448.0
54007.0,19 a 29,9520.0
54007.0,30 a 45,10933.0
54007.0,46 a 60,7063.0
54007.0,> 60,5489.0
,,
,,
54014.0,0 a 2,3043.0
54014.0,3 a 5,3382.0
54014.0,6 a 11,7497.0
54014.0,12 a 18,8031.0
54014.0,19 a 29,10931.0
54014.0,30 a 45,12667.0
54014.0,46 a 60,7958.0
54014.0,> 60,6366.0
,,
,,
54021.0,0 a 2,1789.0
54021.0,3 a 5,1969.0
54021.0,6 a 11,4296.0
54021.0,12 a 18,4620.0
54021.0,19 a 29,6341.0
54021.0,30 a 45,7223.0
54021.0,46 a 60,4736.0
54021.0,> 60,3971.0
,,
,,
54028.0,0 a 2,14503.0
54028.0,3 a 5,18639.0
54028.0,6 a 11,40783.0
54028.0,12 a 18,44373.0
54028.0,19 a 29,73421.0
54028.0,30 a 45,93081.0
54028.0,46 a 60,58835.0
54028.0,> 60,47863.0
,,
,,
54035.0,0 a 2,518.0
54035.0,3 a 5,569.0
54035.0,6 a 11,1156.0
54035.0,12 a 18,1380.0
54035.0,19 a 29,1942.0
54035.0,30 a 45,2021.0
54035.0,46 a 60,1450.0
54035.0,> 60,1267.0
,,
,,
54042.0,0 a 2,3997.0
54042.0,3 a 5,4724.0
54042.0,6 a 11,10328.0
54042.0,12 a 18,11407.0
54042.0,19 a 29,15928.0
54042.0,30 a 45,20843.0
54042.0,46 a 60,12864.0
54042.0,> 60,11042.0
,,
,,
54049.0,0 a 2,2541.0
54049.0,3 a 5,2917.0
54049.0,6 a 11,5949.0
54049.0,12 a 18,6138.0
54049.0,19 a 29,8886.0
54049.0,30 a 45,9900.0
54049.0,46 a 60,5720.0
54049.0,> 60,3405.0
,,
,,
54056.0,0 a 2,4153.0
54056.0,3 a 5,4649.0
54056.0,6 a 11,9732.0
54056.0,12 a 18,10537.0
54056.0,19 a 29,14878.0
54056.0,30 a 45,16573.0
54056.0,46 a 60,9981.0
54056.0,> 60,6572.0
,,
,,
54063.0,0 a 2,4872.0
54063.0,3 a 5,5769.0
54063.0,6 a 11,12219.0
54063.0,12 a 18,13000.0
54063.0,19 a 29,17568.0
54063.0,30 a 45,23237.0
54063.0,46 a 60,13613.0
54063.0,> 60,9560.0
,,
,,
54070.0,0 a 2,1940.0
54070.0,3 a 5,2490.0
54070.0,6 a 11,5235.0
54070.0,12 a 18,5726.0
54070.0,19 a 29,8800.0
54070.0,30 a 45,11177.0
54070.0,46 a 60,7667.0
54070.0,> 60,6356.0
,,
,,
54077.0,0 a 2,2358.0
54077.0,3 a 5,2869.0
54077.0,6 a 11,5931.0
54077.0,12 a 18,6521.0
54077.0,19 a 29,8970.0
54077.0,30 a 45,11454.0
54077.0,46 a 60,7600.0
54077.0,> 60,6463.0
,,
,,
54084.0,0 a 2,1664.0
54084.0,3 a 5,2010.0
54084.0,6 a 11,4579.0
54084.0,12 a 18,4992.0
54084.0,19 a 29,6484.0
54084.0,30 a 45,8456.0
54084.0,46 a 60,5475.0
54084.0,> 60,4960.0
,,
,,
54091.0,0 a 2,5347.0
54091.0,3 a 5,6333.0
54091.0,6 a 11,13783.0
54091.0,12 a 18,14897.0
54091.0,19 a 29,23125.0
54091.0,30 a 45,26511.0
54091.0,46 a 60,16609.0
54091.0,> 60,14098.0
,,
,,
54098.0,0 a 2,3025.0
54098.0,3 a 5,3473.0
54098.0,6 a 11,7468.0
54098.0,12 a 18,7918.0
54098.0,19 a 29,11379.0
54098.0,30 a 45,13414.0
54098.0,46 a 60,8809.0
54098.0,> 60,7708.0
,,
,,
54105.0,0 a 2,1104.0
54105.0,3 a 5,1242.0
54105.0,6 a 11,2808.0
54105.0,12 a 18,2956.0
54105.0,19 a 29,4080.0
54105.0,30 a 45,5015.0
54105.0,46 a 60,3216.0
54105.0,> 60,2659.0
,,
,,
54112.0,0 a 2,2196.0
54112.0,3 a 5,2266.0
54112.0,6 a 11,4904.0
54112.0,12 a 18,4984.0
54112.0,19 a 29,6666.0
54112.0,30 a 45,6991.0
54112.0,46 a 60,4120.0
54112.0,> 60,2563.0
,,
,,
54119.0,0 a 2,1651.0
54119.0,3 a 5,1718.0
54119.0,6 a 11,3671.0
54119.0,12 a 18,3903.0
54119.0,19 a 29,5501.0
54119.0,30 a 45,6720.0
54119.0,46 a 60,4428.0
54119.0,> 60,3285.0
,,
,,
58007.0,0 a 2,381.0
58007.0,3 a 5,497.0
58007.0,6 a 11,1032.0
58007.0,12 a 18,1197.0
58007.0,19 a 29,1624.0
58007.0,30 a 45,2601.0
58007.0,46 a 60,1724.0
58007.0,> 60,1117.0
,,
,,
58014.0,0 a 2,884.0
58014.0,3 a 5,1024.0
58014.0,6 a 11,2170.0
58014.0,12 a 18,2191.0
58014.0,19 a 29,3715.0
58014.0,30 a 45,4651.0
58014.0,46 a 60,2279.0
58014.0,> 60,1236.0
,,
,,
58021.0,0 a 2,82.0
58021.0,3 a 5,138.0
58021.0,6 a 11,316.0
58021.0,12 a 18,310.0
58021.0,19 a 29,354.0
58021.0,30 a 45,618.0
58021.0,46 a 60,402.0
58021.0,> 60,421.0
,,
,,
58028.0,0 a 2,143.0
58028.0,3 a 5,217.0
58028.0,6 a 11,456.0
58028.0,12 a 18,540.0
58028.0,19 a 29,828.0
58028.0,30 a 45,1114.0
58028.0,46 a 60,853.0
58028.0,> 60,681.0
,,
,,
58035.0,0 a 2,14973.0
58035.0,3 a 5,19766.0
58035.0,6 a 11,44946.0
58035.0,12 a 18,49728.0
58035.0,19 a 29,78836.0
58035.0,30 a 45,121478.0
58035.0,46 a 60,76382.0
58035.0,> 60,61108.0
,,
,,
58042.0,0 a 2,564.0
58042.0,3 a 5,734.0
58042.0,6 a 11,1819.0
58042.0,12 a 18,2044.0
58042.0,19 a 29,2888.0
58042.0,30 a 45,4783.0
58042.0,46 a 60,3226.0
58042.0,> 60,2231.0
,,
,,
58049.0,0 a 2,711.0
58049.0,3 a 5,1002.0
58049.0,6 a 11,2147.0
58049.0,12 a 18,2356.0
58049.0,19 a 29,3456.0
58049.0,30 a 45,5356.0
58049.0,46 a 60,3463.0
58049.0,> 60,2362.0
,,
,,
58056.0,0 a 2,1147.0
58056.0,3 a 5,1654.0
58056.0,6 a 11,3767.0
58056.0,12 a 18,4511.0
58056.0,19 a 29,5818.0
58056.0,30 a 45,10511.0
58056.0,46 a 60,7133.0
58056.0,> 60,5026.0
,,
,,
58063.0,0 a 2,280.0
58063.0,3 a 5,395.0
58063.0,6 a 11,811.0
58063.0,12 a 18,845.0
58063.0,19 a 29,1312.0
58063.0,30 a 45,1887.0
58063.0,46 a 60,1239.0
58063.0,> 60,927.0
,,
,,
58070.0,0 a 2,481.0
58070.0,3 a 5,655.0
58070.0,6 a 11,1557.0
58070.0,12 a 18,1770.0
58070.0,19 a 29,2240.0
58070.0,30 a 45,4195.0
58070.0,46 a 60,2853.0
58070.0,> 60,1751.0
,,
,,
58077.0,0 a 2,269.0
58077.0,3 a 5,468.0
58077.0,6 a 11,884.0
58077.0,12 a 18,1008.0
58077.0,19 a 29,1466.0
58077.0,30 a 45,2424.0
58077.0,46 a 60,1718.0
58077.0,> 60,1030.0
,,
,,
58084.0,0 a 2,171.0
58084.0,3 a 5,269.0
58084.0,6 a 11,563.0
58084.0,12 a 18,605.0
58084.0,19 a 29,844.0
58084.0,30 a 45,1423.0
58084.0,46 a 60,1003.0
58084.0,> 60,694.0
,,
,,
58091.0,0 a 2,1140.0
58091.0,3 a 5,1538.0
58091.0,6 a 11,3445.0
58091.0,12 a 18,3890.0
58091.0,19 a 29,5280.0
58091.0,30 a 45,8161.0
58091.0,46 a 60,4200.0
58091.0,> 60,2067.0
,,
,,
58098.0,0 a 2,169.0
58098.0,3 a 5,222.0
58098.0,6 a 11,533.0
58098.0,12 a 18,543.0
58098.0,19 a 29,820.0
58098.0,30 a 45,1152.0
58098.0,46 a 60,915.0
58098.0,> 60,733.0
,,
,,
58105.0,0 a 2,297.0
58105.0,3 a 5,424.0
58105.0,6 a 11,952.0
58105.0,12 a 18,938.0
58105.0,19 a 29,1562.0
58105.0,30 a 45,1936.0
58105.0,46 a 60,1362.0
58105.0,> 60,1000.0
,,
,,
58112.0,0 a 2,1395.0
58112.0,3 a 5,2031.0
58112.0,6 a 11,4712.0
58112.0,12 a 18,5301.0
58112.0,19 a 29,7331.0
58112.0,30 a 45,10981.0
58112.0,46 a 60,7686.0
58112.0,> 60,6103.0
,,
,,
62007.0,0 a 2,1919.0
62007.0,3 a 5,2598.0
62007.0,6 a 11,6136.0
62007.0,12 a 18,7034.0
62007.0,19 a 29,10329.0
62007.0,30 a 45,15461.0
62007.0,46 a 60,10766.0
62007.0,> 60,9602.0
,,
,,
62014.0,0 a 2,1469.0
62014.0,3 a 5,1938.0
62014.0,6 a 11,4196.0
62014.0,12 a 18,4870.0
62014.0,19 a 29,7182.0
62014.0,30 a 45,9502.0
62014.0,46 a 60,6557.0
62014.0,> 60,5446.0
,,
,,
62021.0,0 a 2,4866.0
62021.0,3 a 5,6400.0
62021.0,6 a 11,14905.0
62021.0,12 a 18,16295.0
62021.0,19 a 29,25428.0
62021.0,30 a 45,42610.0
62021.0,46 a 60,26991.0
62021.0,> 60,23948.0
,,
,,
62028.0,0 a 2,260.0
62028.0,3 a 5,345.0
62028.0,6 a 11,723.0
62028.0,12 a 18,747.0
62028.0,19 a 29,1260.0
62028.0,30 a 45,1729.0
62028.0,46 a 60,1229.0
62028.0,> 60,1105.0
,,
,,
62035.0,0 a 2,236.0
62035.0,3 a 5,309.0
62035.0,6 a 11,780.0
62035.0,12 a 18,796.0
62035.0,19 a 29,1035.0
62035.0,30 a 45,1633.0
62035.0,46 a 60,1245.0
62035.0,> 60,926.0
,,
,,
62042.0,0 a 2,12942.0
62042.0,3 a 5,16354.0
62042.0,6 a 11,37152.0
62042.0,12 a 18,41788.0
62042.0,19 a 29,63568.0
62042.0,30 a 45,92711.0
62042.0,46 a 60,61818.0
62042.0,> 60,53294.0
,,
,,
62049.0,0 a 2,142.0
62049.0,3 a 5,132.0
62049.0,6 a 11,354.0
62049.0,12 a 18,375.0
62049.0,19 a 29,557.0
62049.0,30 a 45,857.0
62049.0,46 a 60,694.0
62049.0,> 60,571.0
,,
,,
62056.0,0 a 2,50.0
62056.0,3 a 5,63.0
62056.0,6 a 11,125.0
62056.0,12 a 18,143.0
62056.0,19 a 29,210.0
62056.0,30 a 45,331.0
62056.0,46 a 60,240.0
62056.0,> 60,290.0
,,
,,
62063.0,0 a 2,546.0
62063.0,3 a 5,798.0
62063.0,6 a 11,1671.0
62063.0,12 a 18,1711.0
62063.0,19 a 29,2448.0
62063.0,30 a 45,3957.0
62063.0,46 a 60,2609.0
62063.0,> 60,2753.0
,,
,,
62070.0,0 a 2,262.0
62070.0,3 a 5,336.0
62070.0,6 a 11,943.0
62070.0,12 a 18,985.0
62070.0,19 a 29,1145.0
62070.0,30 a 45,2315.0
62070.0,46 a 60,1783.0
62070.0,> 60,1540.0
,,
,,
62077.0,0 a 2,1238.0
62077.0,3 a 5,1492.0
62077.0,6 a 11,3609.0
62077.0,12 a 18,3973.0
62077.0,19 a 29,5718.0
62077.0,30 a 45,8386.0
62077.0,46 a 60,6025.0
62077.0,> 60,5032.0
,,
,,
62084.0,0 a 2,154.0
62084.0,3 a 5,183.0
62084.0,6 a 11,395.0
62084.0,12 a 18,429.0
62084.0,19 a 29,700.0
62084.0,30 a 45,915.0
62084.0,46 a 60,758.0
62084.0,> 60,766.0
,,
,,
62091.0,0 a 2,560.0
62091.0,3 a 5,793.0
62091.0,6 a 11,1600.0
62091.0,12 a 18,1884.0
62091.0,19 a 29,2824.0
62091.0,30 a 45,3921.0
62091.0,46 a 60,2691.0
62091.0,> 60,2282.0
,,
,,
66007.0,0 a 2,3425.0
66007.0,3 a 5,3627.0
66007.0,6 a 11,8007.0
66007.0,12 a 18,9023.0
66007.0,19 a 29,13620.0
66007.0,30 a 45,15542.0
66007.0,46 a 60,9242.0
66007.0,> 60,6956.0
,,
,,
66014.0,0 a 2,373.0
66014.0,3 a 5,459.0
66014.0,6 a 11,1080.0
66014.0,12 a 18,1039.0
66014.0,19 a 29,1688.0
66014.0,30 a 45,1893.0
66014.0,46 a 60,1250.0
66014.0,> 60,1146.0
,,
,,
66021.0,0 a 2,626.0
66021.0,3 a 5,804.0
66021.0,6 a 11,2036.0
66021.0,12 a 18,2229.0
66021.0,19 a 29,3125.0
66021.0,30 a 45,4357.0
66021.0,46 a 60,2522.0
66021.0,> 60,2123.0
,,
,,
66028.0,0 a 2,20651.0
66028.0,3 a 5,27161.0
66028.0,6 a 11,61799.0
66028.0,12 a 18,69500.0
66028.0,19 a 29,117991.0
66028.0,30 a 45,145741.0
66028.0,46 a 60,96896.0
66028.0,> 60,84264.0
,,
,,
66035.0,0 a 2,2358.0
66035.0,3 a 5,2984.0
66035.0,6 a 11,6901.0
66035.0,12 a 18,7225.0
66035.0,19 a 29,10525.0
66035.0,30 a 45,13231.0
66035.0,46 a 60,7334.0
66035.0,> 60,5155.0
,,
,,
66042.0,0 a 2,932.0
66042.0,3 a 5,1137.0
66042.0,6 a 11,2580.0
66042.0,12 a 18,3002.0
66042.0,19 a 29,4770.0
66042.0,30 a 45,5503.0
66042.0,46 a 60,3530.0
66042.0,> 60,3261.0
,,
,,
66049.0,0 a 2,2159.0
66049.0,3 a 5,2699.0
66049.0,6 a 11,5990.0
66049.0,12 a 18,6453.0
66049.0,19 a 29,10651.0
66049.0,30 a 45,12653.0
66049.0,46 a 60,8147.0
66049.0,> 60,6994.0
,,
,,
66056.0,0 a 2,9021.0
66056.0,3 a 5,10488.0
66056.0,6 a 11,22243.0
66056.0,12 a 18,24083.0
66056.0,19 a 29,32906.0
66056.0,30 a 45,37610.0
66056.0,46 a 60,24101.0
66056.0,> 60,16996.0
,,
,,
66063.0,0 a 2,129.0
66063.0,3 a 5,185.0
66063.0,6 a 11,343.0
66063.0,12 a 18,392.0
66063.0,19 a 29,637.0
66063.0,30 a 45,744.0
66063.0,46 a 60,539.0
66063.0,> 60,522.0
,,
,,
66070.0,0 a 2,290.0
66070.0,3 a 5,386.0
66070.0,6 a 11,777.0
66070.0,12 a 18,938.0
66070.0,19 a 29,1023.0
66070.0,30 a 45,1212.0
66070.0,46 a 60,757.0
66070.0,> 60,733.0
,,
,,
66077.0,0 a 2,419.0
66077.0,3 a 5,547.0
66077.0,6 a 11,1219.0
66077.0,12 a 18,1287.0
66077.0,19 a 29,2058.0
66077.0,30 a 45,3030.0
66077.0,46 a 60,2121.0
66077.0,> 60,1565.0
,,
,,
66084.0,0 a 2,253.0
66084.0,3 a 5,343.0
66084.0,6 a 11,775.0
66084.0,12 a 18,884.0
66084.0,19 a 29,1369.0
66084.0,30 a 45,1477.0
66084.0,46 a 60,1049.0
66084.0,> 60,1032.0
,,
,,
66091.0,0 a 2,68.0
66091.0,3 a 5,99.0
66091.0,6 a 11,223.0
66091.0,12 a 18,271.0
66091.0,19 a 29,341.0
66091.0,30 a 45,357.0
66091.0,46 a 60,230.0
66091.0,> 60,200.0
,,
,,
66098.0,0 a 2,336.0
66098.0,3 a 5,424.0
66098.0,6 a 11,953.0
66098.0,12 a 18,1064.0
66098.0,19 a 29,1685.0
66098.0,30 a 45,1919.0
66098.0,46 a 60,1230.0
66098.0,> 60,1277.0
,,
,,
66105.0,0 a 2,380.0
66105.0,3 a 5,495.0
66105.0,6 a 11,962.0
66105.0,12 a 18,1091.0
66105.0,19 a 29,1490.0
66105.0,30 a 45,1532.0
66105.0,46 a 60,778.0
66105.0,> 60,454.0
,,
,,
66112.0,0 a 2,1944.0
66112.0,3 a 5,2382.0
66112.0,6 a 11,4909.0
66112.0,12 a 18,5274.0
66112.0,19 a 29,9037.0
66112.0,30 a 45,10747.0
66112.0,46 a 60,6960.0
66112.0,> 60,6775.0
,,
,,
66119.0,0 a 2,214.0
66119.0,3 a 5,302.0
66119.0,6 a 11,716.0
66119.0,12 a 18,827.0
66119.0,19 a 29,1015.0
66119.0,30 a 45,1188.0
66119.0,46 a 60,802.0
66119.0,> 60,744.0
,,
,,
66126.0,0 a 2,7706.0
66126.0,3 a 5,8945.0
66126.0,6 a 11,19414.0
66126.0,12 a 18,21379.0
66126.0,19 a 29,30405.0
66126.0,30 a 45,35142.0
66126.0,46 a 60,21448.0
66126.0,> 60,15276.0
,,
,,
66133.0,0 a 2,2397.0
66133.0,3 a 5,2651.0
66133.0,6 a 11,5525.0
66133.0,12 a 18,5831.0
66133.0,19 a 29,7499.0
66133.0,30 a 45,7391.0
66133.0,46 a 60,3987.0
66133.0,> 60,2781.0
,,
,,
66140.0,0 a 2,1336.0
66140.0,3 a 5,1630.0
66140.0,6 a 11,3545.0
66140.0,12 a 18,3903.0
66140.0,19 a 29,6181.0
66140.0,30 a 45,7174.0
66140.0,46 a 60,5068.0
66140.0,> 60,4913.0
,,
,,
66147.0,0 a 2,2067.0
66147.0,3 a 5,2668.0
66147.0,6 a 11,5684.0
66147.0,12 a 18,6128.0
66147.0,19 a 29,9653.0
66147.0,30 a 45,11356.0
66147.0,46 a 60,7497.0
66147.0,> 60,5908.0
,,
,,
66154.0,0 a 2,288.0
66154.0,3 a 5,386.0
66154.0,6 a 11,950.0
66154.0,12 a 18,964.0
66154.0,19 a 29,1367.0
66154.0,30 a 45,1620.0
66154.0,46 a 60,1116.0
66154.0,> 60,1088.0
,,
,,
66161.0,0 a 2,385.0
66161.0,3 a 5,524.0
66161.0,6 a 11,1226.0
66161.0,12 a 18,1428.0
66161.0,19 a 29,1477.0
66161.0,30 a 45,1809.0
66161.0,46 a 60,1352.0
66161.0,> 60,1210.0
,,
,,
70007.0,0 a 2,1390.0
70007.0,3 a 5,1568.0
70007.0,6 a 11,3634.0
70007.0,12 a 18,4162.0
70007.0,19 a 29,5669.0
70007.0,30 a 45,7019.0
70007.0,46 a 60,4242.0
70007.0,> 60,3597.0
,,
,,
70014.0,0 a 2,450.0
70014.0,3 a 5,519.0
70014.0,6 a 11,1181.0
70014.0,12 a 18,1363.0
70014.0,19 a 29,1750.0
70014.0,30 a 45,2243.0
70014.0,46 a 60,1307.0
70014.0,> 60,1359.0
,,
,,
70021.0,0 a 2,498.0
70021.0,3 a 5,606.0
70021.0,6 a 11,1255.0
70021.0,12 a 18,1337.0
70021.0,19 a 29,1843.0
70021.0,30 a 45,2493.0
70021.0,46 a 60,1495.0
70021.0,> 60,1140.0
,,
,,
70028.0,0 a 2,3585.0
70028.0,3 a 5,4264.0
70028.0,6 a 11,9115.0
70028.0,12 a 18,10752.0
70028.0,19 a 29,18391.0
70028.0,30 a 45,25634.0
70028.0,46 a 60,19205.0
70028.0,> 60,23903.0
,,
,,
70035.0,0 a 2,2007.0
70035.0,3 a 5,2312.0
70035.0,6 a 11,4835.0
70035.0,12 a 18,5830.0
70035.0,19 a 29,8350.0
70035.0,30 a 45,9222.0
70035.0,46 a 60,5907.0
70035.0,> 60,5554.0
,,
,,
70042.0,0 a 2,4463.0
70042.0,3 a 5,5416.0
70042.0,6 a 11,11599.0
70042.0,12 a 18,13364.0
70042.0,19 a 29,19062.0
70042.0,30 a 45,22712.0
70042.0,46 a 60,15036.0
70042.0,> 60,12120.0
,,
,,
70049.0,0 a 2,390.0
70049.0,3 a 5,429.0
70049.0,6 a 11,945.0
70049.0,12 a 18,1047.0
70049.0,19 a 29,1478.0
70049.0,30 a 45,2058.0
70049.0,46 a 60,1389.0
70049.0,> 60,1090.0
,,
,,
70056.0,0 a 2,987.0
70056.0,3 a 5,1168.0
70056.0,6 a 11,2384.0
70056.0,12 a 18,2795.0
70056.0,19 a 29,4410.0
70056.0,30 a 45,5345.0
70056.0,46 a 60,4125.0
70056.0,> 60,4055.0
,,
,,
70063.0,0 a 2,566.0
70063.0,3 a 5,729.0
70063.0,6 a 11,1488.0
70063.0,12 a 18,1606.0
70063.0,19 a 29,2508.0
70063.0,30 a 45,2723.0
70063.0,46 a 60,1641.0
70063.0,> 60,1237.0
,,
,,
70070.0,0 a 2,3266.0
70070.0,3 a 5,4016.0
70070.0,6 a 11,8963.0
70070.0,12 a 18,10027.0
70070.0,19 a 29,13155.0
70070.0,30 a 45,16252.0
70070.0,46 a 60,10021.0
70070.0,> 60,7179.0
,,
,,
70077.0,0 a 2,5402.0
70077.0,3 a 5,6557.0
70077.0,6 a 11,14695.0
70077.0,12 a 18,16316.0
70077.0,19 a 29,23289.0
70077.0,30 a 45,30413.0
70077.0,46 a 60,21313.0
70077.0,> 60,18597.0
,,
,,
70084.0,0 a 2,3686.0
70084.0,3 a 5,4713.0
70084.0,6 a 11,10029.0
70084.0,12 a 18,11273.0
70084.0,19 a 29,17361.0
70084.0,30 a 45,22655.0
70084.0,46 a 60,16235.0
70084.0,> 60,15382.0
,,
,,
70091.0,0 a 2,750.0
70091.0,3 a 5,836.0
70091.0,6 a 11,1863.0
70091.0,12 a 18,2020.0
70091.0,19 a 29,2751.0
70091.0,30 a 45,3250.0
70091.0,46 a 60,1899.0
70091.0,> 60,1668.0
,,
,,
70098.0,0 a 2,2460.0
70098.0,3 a 5,3160.0
70098.0,6 a 11,6657.0
70098.0,12 a 18,7378.0
70098.0,19 a 29,10064.0
70098.0,30 a 45,14005.0
70098.0,46 a 60,10037.0
70098.0,> 60,8936.0
,,
,,
70105.0,0 a 2,1279.0
70105.0,3 a 5,1597.0
70105.0,6 a 11,3274.0
70105.0,12 a 18,3883.0
70105.0,19 a 29,5275.0
70105.0,30 a 45,5567.0
70105.0,46 a 60,3484.0
70105.0,> 60,2829.0
,,
,,
70112.0,0 a 2,257.0
70112.0,3 a 5,357.0
70112.0,6 a 11,738.0
70112.0,12 a 18,830.0
70112.0,19 a 29,1274.0
70112.0,30 a 45,1422.0
70112.0,46 a 60,946.0
70112.0,> 60,630.0
,,
,,
70119.0,0 a 2,358.0
70119.0,3 a 5,414.0
70119.0,6 a 11,825.0
70119.0,12 a 18,939.0
70119.0,19 a 29,1528.0
70119.0,30 a 45,1819.0
70119.0,46 a 60,1325.0
70119.0,> 60,1217.0
,,
,,
70126.0,0 a 2,1009.0
70126.0,3 a 5,1285.0
70126.0,6 a 11,2553.0
70126.0,12 a 18,3050.0
70126.0,19 a 29,4150.0
70126.0,30 a 45,4125.0
70126.0,46 a 60,2528.0
70126.0,> 60,2124.0
,,
,,
70133.0,0 a 2,317.0
70133.0,3 a 5,362.0
70133.0,6 a 11,765.0
70133.0,12 a 18,845.0
70133.0,19 a 29,1284.0
70133.0,30 a 45,1477.0
70133.0,46 a 60,919.0
70133.0,> 60,705.0
,,
,,
74007.0,0 a 2,916.0
74007.0,3 a 5,1087.0
74007.0,6 a 11,2327.0
74007.0,12 a 18,2914.0
74007.0,19 a 29,3894.0
74007.0,30 a 45,5235.0
74007.0,46 a 60,3481.0
74007.0,> 60,3799.0
,,
,,
74014.0,0 a 2,184.0
74014.0,3 a 5,260.0
74014.0,6 a 11,561.0
74014.0,12 a 18,635.0
74014.0,19 a 29,836.0
74014.0,30 a 45,1173.0
74014.0,46 a 60,870.0
74014.0,> 60,1056.0
,,
,,
74021.0,0 a 2,544.0
74021.0,3 a 5,636.0
74021.0,6 a 11,1490.0
74021.0,12 a 18,1861.0
74021.0,19 a 29,2822.0
74021.0,30 a 45,3546.0
74021.0,46 a 60,2567.0
74021.0,> 60,2578.0
,,
,,
74028.0,0 a 2,838.0
74028.0,3 a 5,1108.0
74028.0,6 a 11,2353.0
74028.0,12 a 18,3001.0
74028.0,19 a 29,4380.0
74028.0,30 a 45,6127.0
74028.0,46 a 60,4422.0
74028.0,> 60,4293.0
,,
,,
74035.0,0 a 2,5399.0
74035.0,3 a 5,6523.0
74035.0,6 a 11,14672.0
74035.0,12 a 18,17891.0
74035.0,19 a 29,26762.0
74035.0,30 a 45,34449.0
74035.0,46 a 60,23391.0
74035.0,> 60,19584.0
,,
,,
74042.0,0 a 2,577.0
74042.0,3 a 5,706.0
74042.0,6 a 11,1464.0
74042.0,12 a 18,1837.0
74042.0,19 a 29,2587.0
74042.0,30 a 45,3133.0
74042.0,46 a 60,2234.0
74042.0,> 60,1796.0
,,
,,
74049.0,0 a 2,1258.0
74049.0,3 a 5,1567.0
74049.0,6 a 11,3659.0
74049.0,12 a 18,4569.0
74049.0,19 a 29,5878.0
74049.0,30 a 45,9545.0
74049.0,46 a 60,6973.0
74049.0,> 60,6840.0
,,
,,
74056.0,0 a 2,8969.0
74056.0,3 a 5,10712.0
74056.0,6 a 11,24700.0
74056.0,12 a 18,31276.0
74056.0,19 a 29,48235.0
74056.0,30 a 45,61936.0
74056.0,46 a 60,41300.0
74056.0,> 60,33641.0
,,
,,
74063.0,0 a 2,140.0
74063.0,3 a 5,187.0
74063.0,6 a 11,373.0
74063.0,12 a 18,516.0
74063.0,19 a 29,737.0
74063.0,30 a 45,960.0
74063.0,46 a 60,789.0
74063.0,> 60,989.0
,,
,,
78007.0,0 a 2,635.0
78007.0,3 a 5,821.0
78007.0,6 a 11,1663.0
78007.0,12 a 18,1783.0
78007.0,19 a 29,2637.0
78007.0,30 a 45,4045.0
78007.0,46 a 60,2062.0
78007.0,> 60,1389.0
,,
,,
78014.0,0 a 2,4603.0
78014.0,3 a 5,6113.0
78014.0,6 a 11,13790.0
78014.0,12 a 18,15834.0
78014.0,19 a 29,21249.0
78014.0,30 a 45,33537.0
78014.0,46 a 60,19251.0
78014.0,> 60,11889.0
,,
,,
78021.0,0 a 2,4428.0
78021.0,3 a 5,6145.0
78021.0,6 a 11,14016.0
78021.0,12 a 18,16107.0
78021.0,19 a 29,22859.0
78021.0,30 a 45,35645.0
78021.0,46 a 60,22038.0
78021.0,> 60,16071.0
,,
,,
78028.0,0 a 2,849.0
78028.0,3 a 5,1331.0
78028.0,6 a 11,2815.0
78028.0,12 a 18,3093.0
78028.0,19 a 29,3790.0
78028.0,30 a 45,7527.0
78028.0,46 a 60,3905.0
78028.0,> 60,2074.0
,,
,,
78035.0,0 a 2,546.0
78035.0,3 a 5,752.0
78035.0,6 a 11,1375.0
78035.0,12 a 18,1415.0
78035.0,19 a 29,2145.0
78035.0,30 a 45,3403.0
78035.0,46 a 60,1788.0
78035.0,> 60,1160.0
,,
,,
78042.0,0 a 2,485.0
78042.0,3 a 5,625.0
78042.0,6 a 11,1489.0
78042.0,12 a 18,1574.0
78042.0,19 a 29,2280.0
78042.0,30 a 45,3295.0
78042.0,46 a 60,1879.0
78042.0,> 60,1201.0
,,
,,
78049.0,0 a 2,232.0
78049.0,3 a 5,353.0
78049.0,6 a 11,744.0
78049.0,12 a 18,783.0
78049.0,19 a 29,1063.0
78049.0,30 a 45,1651.0
78049.0,46 a 60,898.0
78049.0,> 60,547.0
,,
,,
82007.0,0 a 2,1629.0
82007.0,3 a 5,1968.0
82007.0,6 a 11,4246.0
82007.0,12 a 18,4950.0
82007.0,19 a 29,7620.0
82007.0,30 a 45,11441.0
82007.0,46 a 60,8064.0
82007.0,> 60,8626.0
,,
,,
82014.0,0 a 2,2781.0
82014.0,3 a 5,3185.0
82014.0,6 a 11,7096.0
82014.0,12 a 18,8306.0
82014.0,19 a 29,12515.0
82014.0,30 a 45,20406.0
82014.0,46 a 60,14368.0
82014.0,> 60,17604.0
,,
,,
82021.0,0 a 2,6750.0
82021.0,3 a 5,8342.0
82021.0,6 a 11,17526.0
82021.0,12 a 18,20504.0
82021.0,19 a 29,31147.0
82021.0,30 a 45,45448.0
82021.0,46 a 60,30478.0
82021.0,> 60,29269.0
,,
,,
82028.0,0 a 2,3114.0
82028.0,3 a 5,3679.0
82028.0,6 a 11,8043.0
82028.0,12 a 18,9828.0
82028.0,19 a 29,14305.0
82028.0,30 a 45,21238.0
82028.0,46 a 60,15626.0
82028.0,> 60,17167.0
,,
,,
82035.0,0 a 2,1130.0
82035.0,3 a 5,1219.0
82035.0,6 a 11,2543.0
82035.0,12 a 18,2615.0
82035.0,19 a 29,4878.0
82035.0,30 a 45,5738.0
82035.0,46 a 60,3464.0
82035.0,> 60,3266.0
,,
,,
82042.0,0 a 2,6703.0
82042.0,3 a 5,8181.0
82042.0,6 a 11,17783.0
82042.0,12 a 18,20506.0
82042.0,19 a 29,30736.0
82042.0,30 a 45,45489.0
82042.0,46 a 60,33753.0
82042.0,> 60,37304.0
,,
,,
82049.0,0 a 2,7795.0
82049.0,3 a 5,9407.0
82049.0,6 a 11,19144.0
82049.0,12 a 18,22348.0
82049.0,19 a 29,34808.0
82049.0,30 a 45,45663.0
82049.0,46 a 60,30419.0
82049.0,> 60,27949.0
,,
,,
82056.0,0 a 2,2604.0
82056.0,3 a 5,3138.0
82056.0,6 a 11,6722.0
82056.0,12 a 18,7235.0
82056.0,19 a 29,10724.0
82056.0,30 a 45,17353.0
82056.0,46 a 60,12065.0
82056.0,> 60,13795.0
,,
,,
82063.0,0 a 2,18846.0
82063.0,3 a 5,24091.0
82063.0,6 a 11,51558.0
82063.0,12 a 18,59938.0
82063.0,19 a 29,98855.0
82063.0,30 a 45,136884.0
82063.0,46 a 60,90315.0
82063.0,> 60,87772.0
,,
,,
82070.0,0 a 2,3858.0
82070.0,3 a 5,4661.0
82070.0,6 a 11,10020.0
82070.0,12 a 18,11909.0
82070.0,19 a 29,19155.0
82070.0,30 a 45,27582.0
82070.0,46 a 60,18737.0
82070.0,> 60,18808.0
,,
,,
82077.0,0 a 2,1256.0
82077.0,3 a 5,1464.0
82077.0,6 a 11,3104.0
82077.0,12 a 18,3817.0
82077.0,19 a 29,5551.0
82077.0,30 a 45,7082.0
82077.0,46 a 60,4807.0
82077.0,> 60,3861.0
,,
,,
82084.0,0 a 2,44165.0
82084.0,3 a 5,53739.0
82084.0,6 a 11,117871.0
82084.0,12 a 18,130364.0
82084.0,19 a 29,220652.0
82084.0,30 a 45,331669.0
82084.0,46 a 60,216354.0
82084.0,> 60,223144.0
,,
,,
82091.0,0 a 2,2631.0
82091.0,3 a 5,3275.0
82091.0,6 a 11,7064.0
82091.0,12 a 18,8200.0
82091.0,19 a 29,11812.0
82091.0,30 a 45,16405.0
82091.0,46 a 60,11632.0
82091.0,> 60,11574.0
,,
,,
82098.0,0 a 2,1454.0
82098.0,3 a 5,1622.0
82098.0,6 a 11,3454.0
82098.0,12 a 18,3561.0
82098.0,19 a 29,6189.0
82098.0,30 a 45,7522.0
82098.0,46 a 60,4798.0
82098.0,> 60,4580.0
,,
,,
82105.0,0 a 2,2940.0
82105.0,3 a 5,3767.0
82105.0,6 a 11,7813.0
82105.0,12 a 18,8888.0
82105.0,19 a 29,13740.0
82105.0,30 a 45,19225.0
82105.0,46 a 60,13915.0
82105.0,> 60,14329.0
,,
,,
82112.0,0 a 2,1714.0
82112.0,3 a 5,2052.0
82112.0,6 a 11,4407.0
82112.0,12 a 18,4999.0
82112.0,19 a 29,7683.0
82112.0,30 a 45,10619.0
82112.0,46 a 60,7347.0
82112.0,> 60,7665.0
,,
,,
82119.0,0 a 2,7289.0
82119.0,3 a 5,9067.0
82119.0,6 a 11,19715.0
82119.0,12 a 18,20824.0
82119.0,19 a 29,29592.0
82119.0,30 a 45,49253.0
82119.0,46 a 60,30110.0
82119.0,> 60,27936.0
,,
,,
82126.0,0 a 2,2333.0
82126.0,3 a 5,2844.0
82126.0,6 a 11,6077.0
82126.0,12 a 18,6928.0
82126.0,19 a 29,10102.0
82126.0,30 a 45,15446.0
82126.0,46 a 60,11302.0
82126.0,> 60,12267.0
,,
,,
82133.0,0 a 2,2213.0
82133.0,3 a 5,2772.0
82133.0,6 a 11,5622.0
82133.0,12 a 18,6460.0
82133.0,19 a 29,9982.0
82133.0,30 a 45,12241.0
82133.0,46 a 60,8434.0
82133.0,> 60,7739.0
,,
,,
86007.0,0 a 2,370.0
86007.0,3 a 5,434.0
86007.0,6 a 11,908.0
86007.0,12 a 18,1097.0
86007.0,19 a 29,1697.0
86007.0,30 a 45,2026.0
86007.0,46 a 60,1250.0
86007.0,> 60,1177.0
,,
,,
86014.0,0 a 2,1114.0
86014.0,3 a 5,1184.0
86014.0,6 a 11,2442.0
86014.0,12 a 18,2781.0
86014.0,19 a 29,4157.0
86014.0,30 a 45,4196.0
86014.0,46 a 60,2413.0
86014.0,> 60,1817.0
,,
,,
86021.0,0 a 2,698.0
86021.0,3 a 5,822.0
86021.0,6 a 11,1820.0
86021.0,12 a 18,2228.0
86021.0,19 a 29,2856.0
86021.0,30 a 45,3013.0
86021.0,46 a 60,1744.0
86021.0,> 60,1713.0
,,
,,
86028.0,0 a 2,1277.0
86028.0,3 a 5,1481.0
86028.0,6 a 11,3000.0
86028.0,12 a 18,3758.0
86028.0,19 a 29,5068.0
86028.0,30 a 45,5152.0
86028.0,46 a 60,3090.0
86028.0,> 60,2636.0
,,
,,
86035.0,0 a 2,7054.0
86035.0,3 a 5,9064.0
86035.0,6 a 11,18598.0
86035.0,12 a 18,20112.0
86035.0,19 a 29,32608.0
86035.0,30 a 45,39517.0
86035.0,46 a 60,23420.0
86035.0,> 60,20028.0
,,
,,
86042.0,0 a 2,448.0
86042.0,3 a 5,585.0
86042.0,6 a 11,1115.0
86042.0,12 a 18,1252.0
86042.0,19 a 29,2082.0
86042.0,30 a 45,2588.0
86042.0,46 a 60,1536.0
86042.0,> 60,1203.0
,,
,,
86049.0,0 a 2,11212.0
86049.0,3 a 5,15140.0
86049.0,6 a 11,31921.0
86049.0,12 a 18,35687.0
86049.0,19 a 29,62757.0
86049.0,30 a 45,79700.0
86049.0,46 a 60,50830.0
86049.0,> 60,41577.0
,,
,,
86056.0,0 a 2,1784.0
86056.0,3 a 5,2124.0
86056.0,6 a 11,4205.0
86056.0,12 a 18,5128.0
86056.0,19 a 29,7161.0
86056.0,30 a 45,7520.0
86056.0,46 a 60,4304.0
86056.0,> 60,3427.0
,,
,,
86063.0,0 a 2,1675.0
86063.0,3 a 5,2071.0
86063.0,6 a 11,4467.0
86063.0,12 a 18,5329.0
86063.0,19 a 29,7599.0
86063.0,30 a 45,9933.0
86063.0,46 a 60,6281.0
86063.0,> 60,6337.0
,,
,,
86070.0,0 a 2,944.0
86070.0,3 a 5,1183.0
86070.0,6 a 11,2373.0
86070.0,12 a 18,2901.0
86070.0,19 a 29,3954.0
86070.0,30 a 45,3959.0
86070.0,46 a 60,2488.0
86070.0,> 60,2444.0
,,
,,
86077.0,0 a 2,2219.0
86077.0,3 a 5,2553.0
86077.0,6 a 11,5109.0
86077.0,12 a 18,6327.0
86077.0,19 a 29,8919.0
86077.0,30 a 45,10239.0
86077.0,46 a 60,6064.0
86077.0,> 60,4874.0
,,
,,
86084.0,0 a 2,406.0
86084.0,3 a 5,494.0
86084.0,6 a 11,929.0
86084.0,12 a 18,1107.0
86084.0,19 a 29,1653.0
86084.0,30 a 45,2006.0
86084.0,46 a 60,1290.0
86084.0,> 60,1366.0
,,
,,
86091.0,0 a 2,867.0
86091.0,3 a 5,980.0
86091.0,6 a 11,1990.0
86091.0,12 a 18,2441.0
86091.0,19 a 29,3516.0
86091.0,30 a 45,4095.0
86091.0,46 a 60,2355.0
86091.0,> 60,2378.0
,,
,,
86098.0,0 a 2,1013.0
86098.0,3 a 5,1139.0
86098.0,6 a 11,2575.0
86098.0,12 a 18,3014.0
86098.0,19 a 29,4060.0
86098.0,30 a 45,4184.0
86098.0,46 a 60,2452.0
86098.0,> 60,2130.0
,,
,,
86105.0,0 a 2,1088.0
86105.0,3 a 5,1155.0
86105.0,6 a 11,2577.0
86105.0,12 a 18,3035.0
86105.0,19 a 29,4825.0
86105.0,30 a 45,5244.0
86105.0,46 a 60,3265.0
86105.0,> 60,2858.0
,,
,,
86112.0,0 a 2,50.0
86112.0,3 a 5,62.0
86112.0,6 a 11,120.0
86112.0,12 a 18,183.0
86112.0,19 a 29,250.0
86112.0,30 a 45,313.0
86112.0,46 a 60,234.0
86112.0,> 60,228.0
,,
,,
86119.0,0 a 2,2167.0
86119.0,3 a 5,2441.0
86119.0,6 a 11,4781.0
86119.0,12 a 18,6032.0
86119.0,19 a 29,7869.0
86119.0,30 a 45,8774.0
86119.0,46 a 60,4871.0
86119.0,> 60,3417.0
,,
,,
86126.0,0 a 2,634.0
86126.0,3 a 5,758.0
86126.0,6 a 11,1482.0
86126.0,12 a 18,1865.0
86126.0,19 a 29,2789.0
86126.0,30 a 45,3084.0
86126.0,46 a 60,2313.0
86126.0,> 60,2083.0
,,
,,
86133.0,0 a 2,1214.0
86133.0,3 a 5,1418.0
86133.0,6 a 11,3051.0
86133.0,12 a 18,3520.0
86133.0,19 a 29,5000.0
86133.0,30 a 45,5615.0
86133.0,46 a 60,3244.0
86133.0,> 60,3131.0
,,
,,
86140.0,0 a 2,545.0
86140.0,3 a 5,741.0
86140.0,6 a 11,1334.0
86140.0,12 a 18,1575.0
86140.0,19 a 29,2208.0
86140.0,30 a 45,2389.0
86140.0,46 a 60,1797.0
86140.0,> 60,1747.0
,,
,,
86147.0,0 a 2,2939.0
86147.0,3 a 5,3438.0
86147.0,6 a 11,7369.0
86147.0,12 a 18,8056.0
86147.0,19 a 29,12443.0
86147.0,30 a 45,14542.0
86147.0,46 a 60,9665.0
86147.0,> 60,8185.0
,,
,,
86154.0,0 a 2,226.0
86154.0,3 a 5,261.0
86154.0,6 a 11,561.0
86154.0,12 a 18,627.0
86154.0,19 a 29,935.0
86154.0,30 a 45,1272.0
86154.0,46 a 60,810.0
86154.0,> 60,622.0
,,
,,
86161.0,0 a 2,2476.0
86161.0,3 a 5,2959.0
86161.0,6 a 11,6060.0
86161.0,12 a 18,7095.0
86161.0,19 a 29,10760.0
86161.0,30 a 45,11858.0
86161.0,46 a 60,6841.0
86161.0,> 60,5830.0
,,
,,
86168.0,0 a 2,628.0
86168.0,3 a 5,666.0
86168.0,6 a 11,1443.0
86168.0,12 a 18,1957.0
86168.0,19 a 29,2347.0
86168.0,30 a 45,2577.0
86168.0,46 a 60,1634.0
86168.0,> 60,1523.0
,,
,,
86175.0,0 a 2,573.0
86175.0,3 a 5,610.0
86175.0,6 a 11,1345.0
86175.0,12 a 18,1737.0
86175.0,19 a 29,2062.0
86175.0,30 a 45,2298.0
86175.0,46 a 60,1239.0
86175.0,> 60,1319.0
,,
,,
86182.0,0 a 2,247.0
86182.0,3 a 5,286.0
86182.0,6 a 11,630.0
86182.0,12 a 18,716.0
86182.0,19 a 29,1025.0
86182.0,30 a 45,954.0
86182.0,46 a 60,616.0
86182.0,> 60,560.0
,,
,,
86189.0,0 a 2,397.0
86189.0,3 a 5,464.0
86189.0,6 a 11,1008.0
86189.0,12 a 18,1241.0
86189.0,19 a 29,2002.0
86189.0,30 a 45,2078.0
86189.0,46 a 60,1319.0
86189.0,> 60,1257.0
,,
,,
90007.0,0 a 2,1999.0
90007.0,3 a 5,2331.0
90007.0,6 a 11,5233.0
90007.0,12 a 18,5743.0
90007.0,19 a 29,9011.0
90007.0,30 a 45,10032.0
90007.0,46 a 60,5838.0
90007.0,> 60,5272.0
,,
,,
90014.0,0 a 2,9413.0
90014.0,3 a 5,11658.0
90014.0,6 a 11,25245.0
90014.0,12 a 18,28012.0
90014.0,19 a 29,44060.0
90014.0,30 a 45,53039.0
90014.0,46 a 60,31014.0
90014.0,> 60,25247.0
,,
,,
90021.0,0 a 2,3448.0
90021.0,3 a 5,4203.0
90021.0,6 a 11,9110.0
90021.0,12 a 18,10586.0
90021.0,19 a 29,17897.0
90021.0,30 a 45,20666.0
90021.0,46 a 60,13854.0
90021.0,> 60,12544.0
,,
,,
90028.0,0 a 2,1917.0
90028.0,3 a 5,2322.0
90028.0,6 a 11,4753.0
90028.0,12 a 18,5343.0
90028.0,19 a 29,8258.0
90028.0,30 a 45,9537.0
90028.0,46 a 60,5485.0
90028.0,> 60,5054.0
,,
,,
90035.0,0 a 2,634.0
90035.0,3 a 5,800.0
90035.0,6 a 11,1629.0
90035.0,12 a 18,1864.0
90035.0,19 a 29,2958.0
90035.0,30 a 45,3360.0
90035.0,46 a 60,2146.0
90035.0,> 60,2148.0
,,
,,
90042.0,0 a 2,1322.0
90042.0,3 a 5,1586.0
90042.0,6 a 11,3478.0
90042.0,12 a 18,4108.0
90042.0,19 a 29,6466.0
90042.0,30 a 45,7774.0
90042.0,46 a 60,5161.0
90042.0,> 60,4850.0
,,
,,
90049.0,0 a 2,902.0
90049.0,3 a 5,992.0
90049.0,6 a 11,2167.0
90049.0,12 a 18,2672.0
90049.0,19 a 29,4227.0
90049.0,30 a 45,4703.0
90049.0,46 a 60,2929.0
90049.0,> 60,2604.0
,,
,,
90056.0,0 a 2,2589.0
90056.0,3 a 5,3089.0
90056.0,6 a 11,6760.0
90056.0,12 a 18,7848.0
90056.0,19 a 29,12108.0
90056.0,30 a 45,14985.0
90056.0,46 a 60,9447.0
90056.0,> 60,9526.0
,,
,,
90063.0,0 a 2,3825.0
90063.0,3 a 5,4717.0
90063.0,6 a 11,10920.0
90063.0,12 a 18,11725.0
90063.0,19 a 29,17009.0
90063.0,30 a 45,22814.0
90063.0,46 a 60,12521.0
90063.0,> 60,9933.0
,,
,,
90070.0,0 a 2,2944.0
90070.0,3 a 5,3579.0
90070.0,6 a 11,7986.0
90070.0,12 a 18,9204.0
90070.0,19 a 29,14413.0
90070.0,30 a 45,17799.0
90070.0,46 a 60,10800.0
90070.0,> 60,10744.0
,,
,,
90077.0,0 a 2,2514.0
90077.0,3 a 5,3011.0
90077.0,6 a 11,6593.0
90077.0,12 a 18,7630.0
90077.0,19 a 29,12309.0
90077.0,30 a 45,14564.0
90077.0,46 a 60,9231.0
90077.0,> 60,9075.0
,,
,,
90084.0,0 a 2,19628.0
90084.0,3 a 5,24461.0
90084.0,6 a 11,51884.0
90084.0,12 a 18,59056.0
90084.0,19 a 29,109915.0
90084.0,30 a 45,136558.0
90084.0,46 a 60,90349.0
90084.0,> 60,95438.0
,,
,,
90091.0,0 a 2,1423.0
90091.0,3 a 5,1709.0
90091.0,6 a 11,3784.0
90091.0,12 a 18,4234.0
90091.0,19 a 29,6795.0
90091.0,30 a 45,7922.0
90091.0,46 a 60,5240.0
90091.0,> 60,5839.0
,,
,,
90098.0,0 a 2,818.0
90098.0,3 a 5,1010.0
90098.0,6 a 11,2270.0
90098.0,12 a 18,2471.0
90098.0,19 a 29,4003.0
90098.0,30 a 45,5007.0
90098.0,46 a 60,3432.0
90098.0,> 60,3371.0
,,
,,
90105.0,0 a 2,6557.0
90105.0,3 a 5,8495.0
90105.0,6 a 11,18682.0
90105.0,12 a 18,20891.0
90105.0,19 a 29,31565.0
90105.0,30 a 45,40782.0
90105.0,46 a 60,25904.0
90105.0,> 60,20001.0
,,
,,
90112.0,0 a 2,1022.0
90112.0,3 a 5,1163.0
90112.0,6 a 11,2451.0
90112.0,12 a 18,2881.0
90112.0,19 a 29,4772.0
90112.0,30 a 45,4853.0
90112.0,46 a 60,3291.0
90112.0,> 60,3005.0
,,
,,
90119.0,0 a 2,3731.0
90119.0,3 a 5,4689.0
90119.0,6 a 11,10227.0
90119.0,12 a 18,11669.0
90119.0,19 a 29,17986.0
90119.0,30 a 45,23668.0
90119.0,46 a 60,17562.0
90119.0,> 60,13057.0
,,
,,
94007.0,0 a 2,3316.0
94007.0,3 a 5,4771.0
94007.0,6 a 11,10167.0
94007.0,12 a 18,11428.0
94007.0,19 a 29,17014.0
94007.0,30 a 45,27211.0
94007.0,46 a 60,15117.0
94007.0,> 60,9898.0
,,
,,
94011.0,0 a 2,259.0
94011.0,3 a 5,322.0
94011.0,6 a 11,715.0
94011.0,12 a 18,779.0
94011.0,19 a 29,1071.0
94011.0,30 a 45,1553.0
94011.0,46 a 60,778.0
94011.0,> 60,550.0
,,
,,
94014.0,0 a 2,2559.0
94014.0,12 a 18,8504.0
94014.0,19 a 29,13624.0
94014.0,3 a 5,3576.0
94014.0,30 a 45,22452.0
94014.0,46 a 60,13781.0
94014.0,6 a 11,7604.0
94014.0,> 60,7909.0
