provincia,departamento,dominio_principal
Ciudad de Buenos Aires,Comuna 11,hotmail
Buenos Aires,ADOLFO GONZALES CHAVES,hotmail
Buenos Aires,ALMIRANTE BROWN,yahoo
Buenos Aires,BENITO JUAREZ,gmail
Buenos Aires,JUNIN,gmail
Buenos Aires,MAGDALENA,gmail
Buenos Aires,MAR CHIQUITA,yahoo
Buenos Aires,SAN ISIDRO,yahoo
Buenos Aires,TRENQUE LAUQUEN,yahoo
Córdoba,MARCOS JUAREZ,gmail
Corrientes,PASO DE LOS LIBRES,hotmail
Chaco,COMANDANTE FERNANDEZ,hotmail
Entre Ríos,ISLAS DEL IBICUY,hotmail
Entre Ríos,LA PAZ,hotmail
La Pampa,LOVENTUE,hotmail
La Rioja,CHAMICAL,hotmail
Mendoza,RIVADAVIA,hotmail
Mendoza,TUNUYAN,yahoo
Misiones,LIBERTADOR GRL SAN MARTIN,yahoo
Misiones,SAN IGNACIO,gmail
Neuquén,MINAS,yahoo
Ciudad de Buenos Aires,Comuna 7,gmail
Ciudad de Buenos Aires,Comuna 9,yahoo
Buenos Aires,BERISSO,yahoo
Buenos Aires,GENERAL LAVALLE,hotmail
Buenos Aires,LANUS,hotmail
Buenos Aires,LOBOS,yahoo
Buenos Aires,MALVINAS ARGENTINAS,hotmail
Buenos Aires,PERGAMINO,hotmail
Buenos Aires,VICENTE LOPEZ,yahoo
Catamarca,SANTA ROSA,yahoo
Córdoba,GENERAL SAN MARTIN,hotmail
Córdoba,PRESIDENTE ROQUE SAENZ PEÑA,hotmail
Córdoba,RIO SEGUNDO,yahoo
Corrientes,CONCEPCION,hotmail
Corrientes,SAN COSME,gmail
Corrientes,SAN LUIS DEL PALMAR,bepe
Misiones,LEANDRO N. ALEM,hotmail
Río Negro,CONESA,gmail
Santa Cruz,LAGO ARGENTINO,yahoo
Tucumán,CAPITAL,hotmail
Buenos Aires,CARLOS CASARES,gmail
Buenos Aires,CORONEL DORREGO,gmail
Buenos Aires,ENSENADA,yahoo
Buenos Aires,EZEIZA,yahoo
Buenos Aires,LOMAS DE ZAMORA,yahoo
Buenos Aires,MERCEDES,hotmail
Buenos Aires,PEHUAJO,live
Catamarca,FRAY MAMERTO ESQUIU,yahoo
Córdoba,SANTA MARIA,gmail
Formosa,PATIÑO,hotmail
Formosa,PILCOMAYO,hotmail
La Pampa,CONHELO,yahoo
La Pampa,TRENEL,yahoo
Mendoza,LUJAN DE CUYO,yahoo
Mendoza,SAN CARLOS,yahoo
Mendoza,TUPUNGATO,gmail
Neuquén,HUILICHES,yahoo
Río Negro,ADOLFO ALSINA,yahoo
San Luis,JUNIN,live
Santa Cruz,GUER AIKE,riogallegos
Santa Fe,SAN JUSTO,sanjustosf
Santa Fe,SAN LORENZO,hotmail
Ciudad de Buenos Aires,Comuna 12,hotmail
Ciudad de Buenos Aires,Comuna 14,hotmail
Buenos Aires,GENERAL ALVEAR,yahoo
Buenos Aires,GENERAL PINTO,yahoo
Buenos Aires,LA COSTA,yahoo
Córdoba,CAPITAL,yahoo
Córdoba,GENERAL ROCA,delcampillocoop
Chaco,25 DE MAYO,yahoo
Chubut,ESCALANTE,yahoo
Chubut,FUTALEUFU,yahoo
Entre Ríos,NOGOYA,hotmail
La Pampa,HUCAL,hotmail
Neuquén,PEHUENCHES,hotmail
San Juan,SAN MARTIN,yahoo
Santa Fe,IRIONDO,hotmail
Buenos Aires,BAHIA BLANCA,yahoo
Buenos Aires,CAPITAN SARMIENTO,hotmail
Buenos Aires,ESCOBAR,yahoo
Buenos Aires,HURLINGHAM,yahoo
Buenos Aires,MORENO,hotmail
Buenos Aires,RAMALLO,hotmail
Chaco,2 DE ABRIL,yahoo
Chaco,SAN FERNANDO,hotmail
La Pampa,CHAPALEUFU,yahoo
Mendoza,SANTA ROSA,gmail
Neuquén,AÑELO,yahoo
Salta,CERRILLOS,yahoo
Santiago del Estero,RIO HONDO,hotmail
Tucumán,YERBA BUENA,yahoo
Buenos Aires,BERAZATEGUI,hotmail
Buenos Aires,CARMEN DE ARECO,yahoo
Buenos Aires,CORONEL SUAREZ,gmail
Buenos Aires,QUILMES,yahoo
Buenos Aires,SAAVEDRA,yahoo
Buenos Aires,SAN NICOLAS,gmail
Corrientes,GENERAL PAZ,hotmail
Corrientes,SANTO TOME,hotmail
Chaco,BERMEJO,yahoo
Chaco,GENERAL DONOVAN,yahoo
Chubut,CUSHAMEN,gmail
Chubut,TEHUELCHES,hotmail
Entre Ríos,DIAMANTE,yahoo
Entre Ríos,GUALEGUAYCHU,hotmail
Entre Ríos,VILLAGUAY,gmail
Formosa,FORMOSA,hotmail
Jujuy,SAN PEDRO,hotmail
La Pampa,CALEU CALEU,hotmail
Mendoza,MAIPU,hotmail
Misiones,SAN PEDRO,gmail
Río Negro,PILCANIYEU,gmail
San Juan,SANTA LUCIA,yahoo
Santa Cruz,LAGO BUENOS AIRES,yahoo
Santiago del Estero,AVELLANEDA,hotmail
Ciudad de Buenos Aires,Comuna 1,gmail
Ciudad de Buenos Aires,Comuna 15,yahoo
Buenos Aires,ALBERTI,hotmail
Buenos Aires,CAÑUELAS,hotmail
Buenos Aires,CHASCOMUS,yahoo
Buenos Aires,GENERAL LA MADRID,yahoo
Buenos Aires,LUJAN,gmail
Buenos Aires,MARCOS PAZ,gmail
Buenos Aires,RAUCH,yahoo
Buenos Aires,SAN ANTONIO DE ARECO,hotmail
Córdoba,CALAMUCHITA,gmail
Córdoba,COLON,hotmail
Córdoba,RIO CUARTO,hotmail
Corrientes,GENERAL ALVEAR,hotmail
Chaco,GENERAL GUEMES,yahoo
Chaco,SARGENTO CABRAL,yahoo
Entre Ríos,TALA,gmail
Mendoza,GENERAL ALVEAR,yahoo
Misiones,ELDORADO,hotmail
San Juan,VALLE FERTIL,hotmail
Santa Fe,SAN CRISTOBAL,hotmail
Santa Fe,SAN JAVIER,yahoo
Tierra del Fuego,RIO GRANDE,hotmail
Buenos Aires,BALCARCE,yahoo
Buenos Aires,BRAGADO,yahoo
Buenos Aires,GENERAL ALVARADO,yahoo
Buenos Aires,GENERAL VIAMONTE,yahoo
Buenos Aires,LOBERIA,gmail
Buenos Aires,ROQUE PEREZ,yahoo
Buenos Aires,SALTO,hotmail
Buenos Aires,SAN MIGUEL,hotmail
Chaco,LIBERTADOR GENERAL SAN MARTIN,yahoo
Chubut,GAIMAN,gmail
Entre Ríos,FEDERACION,outlook
La Pampa,RANCUL,hotmail
Mendoza,JUNIN,gmail
Mendoza,LAVALLE,hotmail
Misiones,25 DE MAYO,yahoo
San Luis,GENERAL JUAN MARTIN DE PUEYRREDON,gmail
Santa Cruz,DESEADO,hotmail
Santiago del Estero,BELGRANO,hotmail
Ciudad de Buenos Aires,Comuna 2,yahoo
Ciudad de Buenos Aires,Comuna 8,gmail
Buenos Aires,AZUL,bibliotecaronco
Buenos Aires,ARRECIFES,yahoo
Buenos Aires,NAVARRO,yahoo
Buenos Aires,PATAGONES,yahoo
Buenos Aires,SAN FERNANDO,gmail
Buenos Aires,TORNQUIST,gmail
Buenos Aires,TRES ARROYOS,hotmail
Catamarca,VALLE VIEJO,hotmail
Córdoba,SAN JUSTO,gmail
Córdoba,UNION,yahoo
Chaco,PRESIDENCIA DE LA PLAZA,hotmail
Chaco,QUITILIPI,hotmail
Entre Ríos,PARANA,gmail
Formosa,PIRANE,hotmail
Neuquén,CHOS MALAL,yahoo
Salta,LA CALDERA,yahoo
San Juan,CAPITAL,hotmail
Santa Fe,CASEROS,gmail
Santa Fe,GARAY,yahoo
Santa Fe,GENERAL LOPEZ,hotmail
Santa Fe,9 DE JULIO,tostado
Santiago del Estero,JIMENEZ,gmail
Tucumán,MONTEROS,yahoo
Buenos Aires,HIPOLITO YRIGOYEN,yahoo
Buenos Aires,MORON,hotmail
Buenos Aires,NECOCHEA,hotmail
Buenos Aires,PILAR,yahoo
Buenos Aires,PUAN,yahoo
Buenos Aires,SUIPACHA,yahoo
Córdoba,ISCHILIN,gmail
Córdoba,RIO PRIMERO,hotmail
Córdoba,TERCERO ARRIBA,hotmail
Corrientes,GOYA,gmail
La Pampa,UTRACAN,yahoo
Río Negro,VALCHETA,yahoo
Salta,LA CANDELARIA,gmail
San Juan,ULLUM,gmail
San Luis,CORONEL PRINGLES,hotmail
Santa Fe,BELGRANO,hotmail
Santa Fe,LAS COLONIAS,hotmail
Santa Fe,SAN MARTIN,gmail
Santiago del Estero,BANDA,hotmail
Ciudad de Buenos Aires,Comuna 10,yahoo
Buenos Aires,CORONEL DE MARINA L ROSALES,gmail
Buenos Aires,FLORENCIO VARELA,yahoo
Buenos Aires,LEANDRO N. ALEM,live
Buenos Aires,SAN PEDRO,gmail
Buenos Aires,TRES DE FEBRERO,hotmail
Córdoba,PUNILLA,gmail
Córdoba,SAN ALBERTO,gmail
Corrientes,ITUZAINGO,hotmail
La Pampa,ATREUCO,gmail
La Pampa,CAPITAL,gmail
La Pampa,TOAY,cpenet
Mendoza,GUAYMALLEN,yahoo
Misiones,CAPITAL,gmail
Río Negro,AVELLANEDA,yahoo
Río Negro,GENERAL ROCA,hotmail
Río Negro,25 DE MAYO,yahoo
Salta,CAPITAL,hotmail
Salta,RIVADAVIA,hotmail
San Juan,IGLESIA,yahoo
Santiago del Estero,LORETO,hotmail
Tucumán,CRUZ ALTA,hotmail
Ciudad de Buenos Aires,Comuna 4,yahoo
Buenos Aires,ITUZAINGO,yahoo
Buenos Aires,PINAMAR,telpin
Buenos Aires,ZARATE,hotmail
Catamarca,CAPAYAN,yahoo
Corrientes,MERCEDES,gmail
Chaco,GENERAL BELGRANO,gmail
Entre Ríos,COLON,hotmail
Entre Ríos,CONCORDIA,hotmail
Entre Ríos,GUALEGUAY,arnet
Jujuy,EL CARMEN,gmail
Jujuy,DOCTOR MANUEL BELGRANO,hotmail
Jujuy,SAN ANTONIO,hotmail
La Pampa,MARACO,yahoo
La Rioja,CAPITAL,gmail
Misiones,OBERA,yahoo
Neuquén,CATAN LIL,yahoo
Río Negro,ÑORQUINCO,gmail
Salta,METAN,yahoo
Santa Fe,CASTELLANOS,hotmail
Santa Fe,ROSARIO,hotmail
Ciudad de Buenos Aires,Comuna 6,gmail
Buenos Aires,BRANDSEN,hotmail
Buenos Aires,GUAMINI,yahoo
Buenos Aires,MONTE,hotmail
Córdoba,JUAREZ CELMAN,yahoo
Córdoba,SAN JAVIER,yahoo
Chaco,CHACABUCO,gmail
Chaco,SAN LORENZO,yahoo
Chubut,BIEDMA,hotmail
Jujuy,COCHINOCA,yahoo
La Pampa,GUATRACHE,gmail
La Rioja,CHILECITO,gmail
Misiones,CANDELARIA,gmail
Salta,GENERAL JOSE DE SAN MARTIN,hotmail
San Juan,RAWSON,gmail
San Luis,CHACABUCO,hotmail
San Luis,LIBERTADOR GRL SAN MARTIN,hotmail
Ciudad de Buenos Aires,Comuna 3,latinmail
Ciudad de Buenos Aires,Comuna 13,hotmail
Buenos Aires,CAMPANA,yahoo
Buenos Aires,CARLOS TEJEDOR,yahoo
Buenos Aires,CASTELLI,yahoo
Buenos Aires,ESTEBAN ECHEVERRIA,gmail
Buenos Aires,GENERAL SAN MARTIN,hotmail
Buenos Aires,GENERAL VILLEGAS,servicoopsa
Buenos Aires,LAPRIDA,yahoo
Buenos Aires,OLAVARRIA,yahoo
Buenos Aires,RIVADAVIA,gmail
Buenos Aires,TIGRE,yahoo
Buenos Aires,VILLARINO,yahoo
Chaco,O HIGGINS,yahoo
Chubut,RAWSON,hotmail
Entre Ríos,SAN SALVADOR,yahoo
La Pampa,REALICO,hotmail
Mendoza,SAN RAFAEL,yahoo
Misiones,MONTECARLO,yahoo
Neuquén,CONFLUENCIA,gmail
Neuquén,LACAR,smandes
Neuquén,ÑORQUIN,hotmail
San Luis,GENERAL PEDERNERA,yahoo
Santa Fe,LA CAPITAL,gmail
Santa Fe,VERA,trcnet
Buenos Aires,CHIVILCOY,hotmail
Buenos Aires,LA MATANZA,yahoo
Buenos Aires,LINCOLN,hotmail
Buenos Aires,MERLO,bibliotecaguiraldes
Buenos Aires,TANDIL,yahoo
Chaco,MAYOR LUIS J FONTANA,vai
Chubut,SARMIENTO,yahoo
Mendoza,CAPITAL,gmail
Mendoza,GODOY CRUZ,hotmail
Río Negro,BARILOCHE,bariloche
Santa Fe,SAN JERONIMO,hotmail
Santiago del Estero,CAPITAL,hotmail
Santiago del Estero,GENERAL TABOADA,hotmail
Santiago del Estero,ROBLES,gmail
Tucumán,LEALES,gmail
Buenos Aires,ADOLFO ALSINA,hotmail
Buenos Aires,AVELLANEDA,yahoo
Buenos Aires,BOLIVAR,yahoo
Buenos Aires,LA PLATA,hotmail
Buenos Aires,SAN VICENTE,yahoo
Buenos Aires,TAPALQUE,tapalque
Corrientes,CAPITAL,yahoo
Corrientes,CURUZU CUATIA,hotmail
Corrientes,MONTE CASEROS,hotmail
Chaco,9 DE JULIO,hotmail
Entre Ríos,FEDERAL,hotmail
Entre Ríos,URUGUAY,yahoo
La Pampa,CATRILO,yahoo
La Pampa,QUEMU QUEMU,yahoo
Mendoza,LAS HERAS,yahoo
Mendoza,SAN MARTIN,hotmail
Río Negro,SAN ANTONIO,yahoo
Salta,GENERAL GUEMES,gmail
Salta,SANTA VICTORIA,gmail
San Juan,RIVADAVIA,hotmail
Santa Fe,CONSTITUCION,gmail
Santa Fe,GENERAL OBLIGADO,hotmail
